invoice_number,so_number,customer_id,invoice_date,due_date,invoice_amount,gst_18pct,total_with_gst,payment_status,paid_date,days_to_pay,accounting_doc
INV-9000000,SO-4500000,C004,2024-01-21,2024-02-20,118800.0,21384.0,140184.0,Overdue,,,ACC9000000
INV-9000001,SO-4500001,C014,2024-01-31,2024-02-15,1086720.0,195609.6,1282329.6,Paid On Time,2024-02-02,2.0,ACC9000001
INV-9000002,SO-4500002,C018,2024-08-10,2024-09-09,868940.0,156409.2,1025349.2,Paid On Time,2024-08-11,-2.0,ACC9000002
INV-9000003,SO-4500003,C020,2024-05-22,2024-06-06,2850510.0,513091.8,3363601.8,Overdue,,,ACC9000003
INV-9000004,SO-4500004,C008,2025-02-11,2025-03-13,44160.0,7948.8,52108.8,Overdue,,,ACC9000004
INV-9000005,SO-4500005,C009,2024-08-28,2024-09-27,148450.0,26721.0,175171.0,Overdue,,,ACC9000005
INV-9000006,SO-4500006,C008,2024-04-02,2024-05-02,132085.0,23775.3,155860.3,Paid On Time,2024-04-03,-2.0,ACC9000006
INV-9000007,SO-4500008,C013,2024-07-18,2024-08-17,347840.0,62611.2,410451.2,Paid On Time,2024-07-19,-2.0,ACC9000007
INV-9000008,SO-4500009,C006,2025-02-20,2025-03-07,1662365.0,299225.7,1961590.7,Overdue,,,ACC9000008
INV-9000009,SO-4500011,C012,2025-02-02,2025-03-04,3091800.0,556524.0,3648324.0,Paid On Time,2025-02-03,1.0,ACC9000009
INV-9000010,SO-4500012,C018,2025-02-03,2025-03-05,983700.0,177066.0,1160766.0,Paid On Time,2025-03-05,30.0,ACC9000010
INV-9000011,SO-4500013,C015,2024-09-28,2024-10-28,1294800.0,233064.0,1527864.0,Paid On Time,2024-10-11,13.0,ACC9000011
INV-9000012,SO-4500014,C008,2024-11-10,2024-12-10,680000.0,122400.0,802400.0,Paid On Time,2024-11-30,20.0,ACC9000012
INV-9000013,SO-4500015,C002,2025-03-24,2025-04-23,1733640.0,312055.2,2045695.2,Overdue,,,ACC9000013
INV-9000014,SO-4500016,C012,2024-08-17,2024-09-16,209760.0,37756.8,247516.8,Paid On Time,2024-08-26,9.0,ACC9000014
INV-9000015,SO-4500017,C011,2025-02-20,2025-03-22,764520.0,137613.6,902133.6,Paid On Time,2025-03-16,24.0,ACC9000015
INV-9000016,SO-4500018,C006,2024-06-04,2024-06-19,117000.0,21060.0,138060.0,Overdue,,,ACC9000016
INV-9000017,SO-4500020,C014,2024-09-18,2024-10-03,2605010.0,468901.8,3073911.8,Paid On Time,2024-09-19,1.0,ACC9000017
INV-9000018,SO-4500021,C007,2024-06-12,2024-07-27,99000.0,17820.0,116820.0,Paid On Time,2024-06-13,-2.0,ACC9000018
INV-9000019,SO-4500022,C011,2024-02-13,2024-03-14,1746800.0,314424.0,2061224.0,Paid On Time,2024-03-12,28.0,ACC9000019
INV-9000020,SO-4500023,C004,2025-04-12,2025-05-12,1643209.0,295777.62,1938986.62,Overdue,,,ACC9000020
INV-9000021,SO-4500024,C003,2024-01-15,2024-02-29,1462920.0,263325.6,1726245.6,Paid On Time,2024-01-23,8.0,ACC9000021
INV-9000022,SO-4500025,C020,2025-02-25,2025-03-12,85000.0,15300.0,100300.0,Paid On Time,2025-02-26,-5.0,ACC9000022
INV-9000023,SO-4500026,C005,2024-05-23,2024-06-22,40375.0,7267.5,47642.5,Overdue,,,ACC9000023
INV-9000024,SO-4500027,C010,2024-11-15,2024-11-30,1366400.0,245952.0,1612352.0,Paid On Time,2024-11-18,3.0,ACC9000024
INV-9000025,SO-4500028,C002,2024-01-13,2024-02-12,473400.0,85212.0,558612.0,Paid On Time,2024-01-30,17.0,ACC9000025
INV-9000026,SO-4500029,C001,2024-03-11,2024-04-10,1591200.0,286416.0,1877616.0,Paid On Time,2024-04-05,25.0,ACC9000026
INV-9000027,SO-4500030,C014,2024-03-20,2024-04-04,1349600.0,242928.0,1592528.0,Paid On Time,2024-03-26,6.0,ACC9000027
INV-9000028,SO-4500031,C005,2024-05-11,2024-06-10,1011780.0,182120.4,1193900.4,Paid On Time,2024-05-14,3.0,ACC9000028
INV-9000029,SO-4500032,C009,2024-03-29,2024-04-28,33120.0,5961.6,39081.6,Paid On Time,2024-03-30,-2.0,ACC9000029
INV-9000030,SO-4500033,C008,2024-04-21,2024-05-21,869235.0,156462.3,1025697.3,Paid On Time,2024-05-05,14.0,ACC9000030
INV-9000031,SO-4500034,C017,2024-08-05,2024-08-20,2804175.0,504751.5,3308926.5,Overdue,,,ACC9000031
INV-9000032,SO-4500035,C017,2024-03-12,2024-03-27,2858380.0,514508.4,3372888.4,Paid On Time,2024-03-26,14.0,ACC9000032
INV-9000033,SO-4500036,C010,2024-09-25,2024-10-10,1525220.0,274539.6,1799759.6,Paid On Time,2024-09-29,4.0,ACC9000033
INV-9000034,SO-4500037,C018,2025-03-16,2025-04-15,800040.0,144007.2,944047.2,Paid On Time,2025-03-30,14.0,ACC9000034
INV-9000035,SO-4500038,C006,2024-12-15,2024-12-30,528308.0,95095.44,623403.44,Paid On Time,2024-12-28,13.0,ACC9000035
INV-9000036,SO-4500039,C014,2025-04-10,2025-04-25,489320.0,88077.6,577397.6,Paid On Time,2025-04-11,-5.0,ACC9000036
INV-9000037,SO-4500040,C004,2025-02-11,2025-03-13,138400.0,24912.0,163312.0,Paid On Time,2025-02-12,-2.0,ACC9000037
INV-9000038,SO-4500041,C015,2024-03-19,2024-04-18,705273.0,126949.14,832222.14,Paid On Time,2024-04-15,27.0,ACC9000038
INV-9000039,SO-4500042,C008,2024-05-27,2024-06-26,220230.0,39641.4,259871.4,Paid On Time,2024-06-18,22.0,ACC9000039
INV-9000040,SO-4500043,C013,2025-01-02,2025-02-01,973952.0,175311.36,1149263.36,Paid On Time,2025-01-09,7.0,ACC9000040
INV-9000041,SO-4500044,C014,2024-02-11,2024-02-26,1279860.0,230374.8,1510234.8,Paid On Time,2024-02-18,7.0,ACC9000041
INV-9000042,SO-4500045,C020,2024-04-30,2024-05-15,1772750.0,319095.0,2091845.0,Overdue,,,ACC9000042
INV-9000043,SO-4500046,C020,2024-10-10,2024-10-25,1113800.0,200484.0,1314284.0,Overdue,,,ACC9000043
INV-9000044,SO-4500047,C007,2024-09-03,2024-10-18,680992.0,122578.56,803570.56,Paid On Time,2024-10-10,37.0,ACC9000044
INV-9000045,SO-4500048,C001,2024-05-18,2024-06-17,20580.0,3704.4,24284.4,Overdue,,,ACC9000045
INV-9000046,SO-4500049,C005,2024-09-10,2024-10-10,1361980.0,245156.4,1607136.4,Paid On Time,2024-10-01,21.0,ACC9000046
INV-9000047,SO-4500052,C012,2024-02-17,2024-03-18,550528.0,99095.04,649623.04,Paid On Time,2024-02-22,5.0,ACC9000047
INV-9000048,SO-4500053,C006,2025-01-18,2025-02-02,771945.0,138950.1,910895.1,Overdue,,,ACC9000048
INV-9000049,SO-4500055,C016,2025-03-18,2025-05-02,513750.0,92475.0,606225.0,Overdue,,,ACC9000049
INV-9000050,SO-4500056,C008,2025-01-13,2025-02-12,1612845.0,290312.1,1903157.1,Paid On Time,2025-01-14,-5.0,ACC9000050
INV-9000051,SO-4500057,C017,2024-07-05,2024-07-20,940270.0,169248.6,1109518.6,Paid On Time,2024-07-14,9.0,ACC9000051
INV-9000052,SO-4500058,C016,2024-06-04,2024-07-19,672770.0,121098.6,793868.6,Paid On Time,2024-06-26,22.0,ACC9000052
INV-9000053,SO-4500059,C018,2024-06-08,2024-07-08,1095600.0,197208.0,1292808.0,Paid On Time,2024-07-03,25.0,ACC9000053
INV-9000054,SO-4500060,C016,2024-08-25,2024-10-09,352000.0,63360.0,415360.0,Paid On Time,2024-10-07,43.0,ACC9000054
INV-9000055,SO-4500061,C003,2024-08-03,2024-09-17,3384200.0,609156.0,3993356.0,Overdue,,,ACC9000055
INV-9000056,SO-4500062,C015,2024-08-23,2024-09-22,3178030.0,572045.4,3750075.4,Paid On Time,2024-08-24,-5.0,ACC9000056
INV-9000057,SO-4500063,C014,2024-08-30,2024-09-14,880148.0,158426.64,1038574.64,Paid On Time,2024-08-31,-5.0,ACC9000057
INV-9000058,SO-4500064,C004,2024-10-13,2024-11-12,225600.0,40608.0,266208.0,Paid On Time,2024-10-30,17.0,ACC9000058
INV-9000059,SO-4500065,C020,2025-01-25,2025-02-09,1052752.0,189495.36,1242247.36,Overdue,,,ACC9000059
INV-9000060,SO-4500066,C015,2024-02-19,2024-03-20,1188480.0,213926.4,1402406.4,Paid On Time,2024-02-23,4.0,ACC9000060
INV-9000061,SO-4500067,C016,2024-10-03,2024-11-17,363460.0,65422.8,428882.8,Overdue,,,ACC9000061
INV-9000062,SO-4500068,C011,2024-12-19,2025-01-18,163140.0,29365.2,192505.2,Overdue,,,ACC9000062
INV-9000063,SO-4500069,C002,2024-09-01,2024-10-01,2267340.0,408121.2,2675461.2,Paid On Time,2024-09-02,-3.0,ACC9000063
INV-9000064,SO-4500070,C007,2024-09-29,2024-11-13,1636460.0,294562.8,1931022.8,Paid On Time,2024-10-19,20.0,ACC9000064
INV-9000065,SO-4500071,C008,2025-01-08,2025-02-07,1614880.0,290678.4,1905558.4,Paid On Time,2025-01-21,13.0,ACC9000065
INV-9000066,SO-4500072,C016,2024-05-13,2024-06-27,549000.0,98820.0,647820.0,Paid On Time,2024-06-05,23.0,ACC9000066
INV-9000067,SO-4500073,C009,2025-02-10,2025-03-12,2209010.0,397621.8,2606631.8,Overdue,,,ACC9000067
INV-9000068,SO-4500074,C016,2024-07-04,2024-08-18,1192010.0,214561.8,1406571.8,Paid On Time,2024-08-11,38.0,ACC9000068
INV-9000069,SO-4500075,C016,2024-01-29,2024-03-14,1792795.0,322703.1,2115498.1,Paid On Time,2024-02-15,17.0,ACC9000069
INV-9000070,SO-4500076,C003,2025-03-22,2025-05-06,1625200.0,292536.0,1917736.0,Paid On Time,2025-03-23,-3.0,ACC9000070
INV-9000071,SO-4500077,C001,2024-02-02,2024-03-03,627000.0,112860.0,739860.0,Paid On Time,2024-02-13,11.0,ACC9000071
INV-9000072,SO-4500078,C014,2024-03-23,2024-04-07,367832.0,66209.76,434041.76,Paid On Time,2024-03-24,-4.0,ACC9000072
INV-9000073,SO-4500079,C008,2024-09-02,2024-10-02,1163000.0,209340.0,1372340.0,Paid On Time,2024-09-21,19.0,ACC9000073
INV-9000074,SO-4500080,C009,2024-08-29,2024-09-28,678960.0,122212.8,801172.8,Paid On Time,2024-09-14,16.0,ACC9000074
INV-9000075,SO-4500081,C012,2024-10-31,2024-11-30,431600.0,77688.0,509288.0,Paid On Time,2024-11-14,14.0,ACC9000075
INV-9000076,SO-4500082,C008,2024-11-20,2024-12-20,266800.0,48024.0,314824.0,Paid On Time,2024-11-30,10.0,ACC9000076
INV-9000077,SO-4500083,C015,2024-01-30,2024-02-29,1011560.0,182080.8,1193640.8,Paid On Time,2024-02-17,18.0,ACC9000077
INV-9000078,SO-4500084,C005,2025-02-15,2025-03-17,579440.0,104299.2,683739.2,Paid On Time,2025-03-15,28.0,ACC9000078
INV-9000079,SO-4500085,C015,2024-02-21,2024-03-22,326500.0,58770.0,385270.0,Overdue,,,ACC9000079
INV-9000080,SO-4500086,C009,2024-10-09,2024-11-08,320680.0,57722.4,378402.4,Paid On Time,2024-10-11,2.0,ACC9000080
INV-9000081,SO-4500088,C002,2024-01-29,2024-02-28,1688800.0,303984.0,1992784.0,Paid On Time,2024-02-01,3.0,ACC9000081
INV-9000082,SO-4500089,C004,2025-03-12,2025-04-11,1755200.0,315936.0,2071136.0,Paid On Time,2025-03-19,7.0,ACC9000082
INV-9000083,SO-4500090,C002,2024-08-04,2024-09-03,19110.0,3439.8,22549.8,Overdue,,,ACC9000083
INV-9000084,SO-4500091,C020,2024-01-23,2024-02-07,517500.0,93150.0,610650.0,Paid On Time,2024-02-07,15.0,ACC9000084
INV-9000085,SO-4500092,C011,2025-02-13,2025-03-15,601860.0,108334.8,710194.8,Overdue,,,ACC9000085
INV-9000086,SO-4500093,C006,2024-05-25,2024-06-09,3544760.0,638056.8,4182816.8,Paid On Time,2024-05-26,-3.0,ACC9000086
INV-9000087,SO-4500094,C020,2024-02-02,2024-02-17,3023170.0,544170.6,3567340.6,Overdue,,,ACC9000087
INV-9000088,SO-4500095,C003,2024-03-16,2024-04-30,1879870.0,338376.6,2218246.6,Paid On Time,2024-03-30,14.0,ACC9000088
INV-9000089,SO-4500096,C008,2024-08-11,2024-09-10,822210.0,147997.8,970207.8,Paid On Time,2024-08-21,10.0,ACC9000089
INV-9000090,SO-4500097,C003,2024-02-24,2024-04-09,936950.0,168651.0,1105601.0,Paid On Time,2024-03-25,30.0,ACC9000090
INV-9000091,SO-4500098,C012,2025-04-01,2025-05-01,1323600.0,238248.0,1561848.0,Paid On Time,2025-04-28,27.0,ACC9000091
INV-9000092,SO-4500099,C012,2025-03-22,2025-04-21,409640.0,73735.2,483375.2,Paid On Time,2025-03-30,8.0,ACC9000092
INV-9000093,SO-4500100,C014,2025-03-16,2025-03-31,1194190.0,214954.2,1409144.2,Overdue,,,ACC9000093
INV-9000094,SO-4500101,C003,2024-03-21,2024-05-05,1132880.0,203918.4,1336798.4,Paid On Time,2024-04-06,16.0,ACC9000094
INV-9000095,SO-4500102,C013,2024-08-15,2024-09-14,1194050.0,214929.0,1408979.0,Overdue,,,ACC9000095
INV-9000096,SO-4500103,C002,2024-04-01,2024-05-01,2513308.0,452395.44,2965703.44,Paid On Time,2024-04-27,26.0,ACC9000096
INV-9000097,SO-4500104,C004,2024-06-08,2024-07-08,1755850.0,316053.0,2071903.0,Paid On Time,2024-06-14,6.0,ACC9000097
INV-9000098,SO-4500105,C011,2024-03-14,2024-04-13,952200.0,171396.0,1123596.0,Overdue,,,ACC9000098
INV-9000099,SO-4500106,C015,2024-02-21,2024-03-22,329531.0,59315.58,388846.58,Paid On Time,2024-03-20,28.0,ACC9000099
INV-9000100,SO-4500107,C004,2024-05-18,2024-06-17,1497080.0,269474.4,1766554.4,Overdue,,,ACC9000100
INV-9000101,SO-4500109,C005,2025-02-07,2025-03-09,206080.0,37094.4,243174.4,Paid On Time,2025-03-04,25.0,ACC9000101
INV-9000102,SO-4500110,C019,2025-02-04,2025-03-06,326717.0,58809.06,385526.06,Overdue,,,ACC9000102
INV-9000103,SO-4500111,C010,2024-09-06,2024-09-21,95000.0,17100.0,112100.0,Paid On Time,2024-09-07,-3.0,ACC9000103
INV-9000104,SO-4500112,C003,2024-11-20,2025-01-04,1696825.0,305428.5,2002253.5,Paid On Time,2024-12-13,23.0,ACC9000104
INV-9000105,SO-4500113,C002,2024-08-28,2024-09-27,1009880.0,181778.4,1191658.4,Paid On Time,2024-09-20,23.0,ACC9000105
INV-9000106,SO-4500114,C020,2024-04-01,2024-04-16,488700.0,87966.0,576666.0,Overdue,,,ACC9000106
INV-9000107,SO-4500115,C018,2024-12-23,2025-01-22,213340.0,38401.2,251741.2,Paid On Time,2025-01-06,14.0,ACC9000107
INV-9000108,SO-4500116,C005,2024-11-13,2024-12-13,910800.0,163944.0,1074744.0,Paid On Time,2024-12-02,19.0,ACC9000108
INV-9000109,SO-4500117,C011,2025-03-01,2025-03-31,1703626.0,306652.68,2010278.68,Paid On Time,2025-03-19,18.0,ACC9000109
INV-9000110,SO-4500118,C003,2024-06-11,2024-07-26,777600.0,139968.0,917568.0,Paid On Time,2024-06-16,5.0,ACC9000110
INV-9000111,SO-4500119,C002,2024-12-13,2025-01-12,1889700.0,340146.0,2229846.0,Overdue,,,ACC9000111
INV-9000112,SO-4500120,C015,2024-05-07,2024-06-06,1661360.0,299044.8,1960404.8,Paid On Time,2024-05-20,13.0,ACC9000112
INV-9000113,SO-4500122,C018,2024-03-07,2024-04-06,2211660.0,398098.8,2609758.8,Paid On Time,2024-04-04,28.0,ACC9000113
INV-9000114,SO-4500123,C002,2024-08-02,2024-09-01,276280.0,49730.4,326010.4,Paid On Time,2024-08-11,9.0,ACC9000114
INV-9000115,SO-4500124,C004,2025-03-12,2025-04-11,1424420.0,256395.6,1680815.6,Paid On Time,2025-04-05,24.0,ACC9000115
INV-9000116,SO-4500125,C001,2024-02-22,2024-03-23,623000.0,112140.0,735140.0,Paid On Time,2024-03-15,22.0,ACC9000116
INV-9000117,SO-4500126,C010,2024-05-15,2024-05-30,151200.0,27216.0,178416.0,Overdue,,,ACC9000117
INV-9000118,SO-4500127,C015,2024-02-15,2024-03-16,2038579.0,366944.22,2405523.22,Paid On Time,2024-03-07,21.0,ACC9000118
INV-9000119,SO-4500128,C008,2024-10-31,2024-11-30,576000.0,103680.0,679680.0,Paid On Time,2024-11-26,26.0,ACC9000119
INV-9000120,SO-4500129,C017,2024-10-17,2024-11-01,1886495.0,339569.1,2226064.1,Paid On Time,2024-10-29,12.0,ACC9000120
INV-9000121,SO-4500130,C011,2024-03-22,2024-04-21,423570.0,76242.6,499812.6,Paid On Time,2024-03-23,-4.0,ACC9000121
INV-9000122,SO-4500131,C010,2024-09-29,2024-10-14,2515500.0,452790.0,2968290.0,Overdue,,,ACC9000122
INV-9000123,SO-4500132,C011,2024-04-15,2024-05-15,1502600.0,270468.0,1773068.0,Paid On Time,2024-04-26,11.0,ACC9000123
INV-9000124,SO-4500133,C004,2024-02-18,2024-03-19,383340.0,69001.2,452341.2,Paid On Time,2024-03-06,17.0,ACC9000124
INV-9000125,SO-4500134,C020,2024-08-18,2024-09-02,839800.0,151164.0,990964.0,Paid On Time,2024-08-31,13.0,ACC9000125
INV-9000126,SO-4500135,C017,2025-02-22,2025-03-09,1379680.0,248342.4,1628022.4,Paid On Time,2025-03-06,12.0,ACC9000126
INV-9000127,SO-4500136,C003,2024-05-10,2024-06-24,1381100.0,248598.0,1629698.0,Paid On Time,2024-05-17,7.0,ACC9000127
INV-9000128,SO-4500137,C003,2024-10-28,2024-12-12,468150.0,84267.0,552417.0,Paid On Time,2024-11-01,4.0,ACC9000128
INV-9000129,SO-4500138,C013,2024-10-26,2024-11-25,430120.0,77421.6,507541.6,Paid On Time,2024-10-27,-3.0,ACC9000129
INV-9000130,SO-4500139,C006,2025-01-10,2025-01-25,90000.0,16200.0,106200.0,Overdue,,,ACC9000130
INV-9000131,SO-4500140,C018,2024-10-14,2024-11-13,296254.0,53325.72,349579.72,Overdue,,,ACC9000131
INV-9000132,SO-4500141,C016,2024-01-26,2024-03-11,790475.0,142285.5,932760.5,Paid On Time,2024-02-22,27.0,ACC9000132
INV-9000133,SO-4500142,C011,2024-12-05,2025-01-04,549600.0,98928.0,648528.0,Overdue,,,ACC9000133
INV-9000134,SO-4500143,C006,2024-04-03,2024-04-18,518360.0,93304.8,611664.8,Paid On Time,2024-04-10,7.0,ACC9000134
INV-9000135,SO-4500144,C018,2024-05-29,2024-06-28,548522.0,98733.96,647255.96,Overdue,,,ACC9000135
INV-9000136,SO-4500146,C014,2024-11-23,2024-12-08,872100.0,156978.0,1029078.0,Paid On Time,2024-11-24,-5.0,ACC9000136
INV-9000137,SO-4500147,C014,2024-09-15,2024-09-30,481610.0,86689.8,568299.8,Paid On Time,2024-09-28,13.0,ACC9000137
INV-9000138,SO-4500148,C018,2024-03-07,2024-04-06,852490.0,153448.2,1005938.2,Overdue,,,ACC9000138
INV-9000139,SO-4500149,C006,2025-03-05,2025-03-20,1736880.0,312638.4,2049518.4,Overdue,,,ACC9000139
INV-9000140,SO-4500150,C019,2024-07-06,2024-08-05,1212706.0,218287.08,1430993.08,Paid On Time,2024-07-31,25.0,ACC9000140
INV-9000141,SO-4500151,C012,2025-02-04,2025-03-06,32400.0,5832.0,38232.0,Paid On Time,2025-02-24,20.0,ACC9000141
INV-9000142,SO-4500152,C018,2024-04-19,2024-05-19,2023800.0,364284.0,2388084.0,Paid On Time,2024-04-28,9.0,ACC9000142
INV-9000143,SO-4500153,C005,2024-02-29,2024-03-30,678130.0,122063.4,800193.4,Paid On Time,2024-03-25,25.0,ACC9000143
INV-9000144,SO-4500154,C002,2024-01-30,2024-02-29,1098030.0,197645.4,1295675.4,Paid On Time,2024-02-27,28.0,ACC9000144
INV-9000145,SO-4500155,C011,2024-04-07,2024-05-07,2281490.0,410668.2,2692158.2,Overdue,,,ACC9000145
INV-9000146,SO-4500156,C001,2024-11-15,2024-12-15,2003030.0,360545.4,2363575.4,Paid On Time,2024-12-01,16.0,ACC9000146
INV-9000147,SO-4500157,C015,2024-06-17,2024-07-17,1727772.0,310998.96,2038770.96,Paid On Time,2024-07-02,15.0,ACC9000147
INV-9000148,SO-4500159,C008,2024-06-11,2024-07-11,918650.0,165357.0,1084007.0,Paid On Time,2024-07-03,22.0,ACC9000148
INV-9000149,SO-4500160,C010,2024-03-16,2024-03-31,967085.0,174075.3,1141160.3,Paid On Time,2024-03-24,8.0,ACC9000149
INV-9000150,SO-4500161,C009,2024-10-28,2024-11-27,903660.0,162658.8,1066318.8,Paid On Time,2024-11-20,23.0,ACC9000150
INV-9000151,SO-4500162,C008,2024-11-29,2024-12-29,42504.0,7650.72,50154.72,Paid On Time,2024-12-17,18.0,ACC9000151
INV-9000152,SO-4500163,C004,2024-12-23,2025-01-22,46920.0,8445.6,55365.6,Overdue,,,ACC9000152
INV-9000153,SO-4500164,C016,2024-09-10,2024-10-25,582850.0,104913.0,687763.0,Paid On Time,2024-10-14,34.0,ACC9000153
INV-9000154,SO-4500165,C014,2025-04-03,2025-04-18,282240.0,50803.2,333043.2,Overdue,,,ACC9000154
INV-9000155,SO-4500166,C010,2025-04-05,2025-04-20,2015000.0,362700.0,2377700.0,Overdue,,,ACC9000155
INV-9000156,SO-4500167,C017,2024-09-06,2024-09-21,41400.0,7452.0,48852.0,Overdue,,,ACC9000156
INV-9000157,SO-4500168,C009,2025-01-15,2025-02-14,1089530.0,196115.4,1285645.4,Overdue,,,ACC9000157
INV-9000158,SO-4500169,C003,2024-08-06,2024-09-20,351240.0,63223.2,414463.2,Paid On Time,2024-09-08,33.0,ACC9000158
INV-9000159,SO-4500170,C013,2024-05-12,2024-06-11,769085.0,138435.3,907520.3,Overdue,,,ACC9000159
INV-9000160,SO-4500171,C010,2024-03-29,2024-04-13,2579020.0,464223.6,3043243.6,Paid On Time,2024-03-30,-3.0,ACC9000160
INV-9000161,SO-4500172,C018,2025-02-23,2025-03-25,1285880.0,231458.4,1517338.4,Paid On Time,2025-02-27,4.0,ACC9000161
INV-9000162,SO-4500173,C003,2024-10-27,2024-12-11,1870710.0,336727.8,2207437.8,Paid On Time,2024-12-11,45.0,ACC9000162
INV-9000163,SO-4500174,C002,2024-09-02,2024-10-02,296025.0,53284.5,349309.5,Paid On Time,2024-09-10,8.0,ACC9000163
INV-9000164,SO-4500175,C002,2024-08-17,2024-09-16,17000.0,3060.0,20060.0,Paid On Time,2024-08-18,-1.0,ACC9000164
INV-9000165,SO-4500176,C016,2024-01-30,2024-03-15,367080.0,66074.4,433154.4,Paid On Time,2024-02-18,19.0,ACC9000165
INV-9000166,SO-4500177,C013,2024-02-25,2024-03-26,1066580.0,191984.4,1258564.4,Paid On Time,2024-02-26,1.0,ACC9000166
INV-9000167,SO-4500178,C013,2025-03-09,2025-04-08,727360.0,130924.8,858284.8,Overdue,,,ACC9000167
INV-9000168,SO-4500179,C004,2024-11-14,2024-12-14,1008625.0,181552.5,1190177.5,Overdue,,,ACC9000168
INV-9000169,SO-4500180,C019,2024-11-13,2024-12-13,1183420.0,213015.6,1396435.6,Paid On Time,2024-11-14,0.0,ACC9000169
INV-9000170,SO-4500182,C017,2024-06-21,2024-07-06,1281280.0,230630.4,1511910.4,Paid On Time,2024-06-22,1.0,ACC9000170
INV-9000171,SO-4500184,C013,2024-12-19,2025-01-18,428400.0,77112.0,505512.0,Paid On Time,2024-12-20,-3.0,ACC9000171
INV-9000172,SO-4500185,C018,2024-05-05,2024-06-04,2395960.0,431272.8,2827232.8,Paid On Time,2024-05-06,-4.0,ACC9000172
INV-9000173,SO-4500186,C013,2024-05-11,2024-06-10,393715.0,70868.7,464583.7,Paid On Time,2024-05-18,7.0,ACC9000173
INV-9000174,SO-4500187,C015,2024-02-28,2024-03-29,1024420.0,184395.6,1208815.6,Paid On Time,2024-03-18,19.0,ACC9000174
INV-9000175,SO-4500188,C019,2024-11-03,2024-12-03,1151980.0,207356.4,1359336.4,Paid On Time,2024-11-11,8.0,ACC9000175
INV-9000176,SO-4500189,C011,2024-05-21,2024-06-20,506100.0,91098.0,597198.0,Paid On Time,2024-06-03,13.0,ACC9000176
INV-9000177,SO-4500190,C002,2025-03-13,2025-04-12,987840.0,177811.2,1165651.2,Paid On Time,2025-04-06,24.0,ACC9000177
INV-9000178,SO-4500191,C008,2024-02-11,2024-03-12,703800.0,126684.0,830484.0,Paid On Time,2024-02-29,18.0,ACC9000178
INV-9000179,SO-4500192,C012,2024-02-07,2024-03-08,1416304.0,254934.72,1671238.72,Paid On Time,2024-02-12,5.0,ACC9000179
INV-9000180,SO-4500193,C004,2024-03-02,2024-04-01,782190.0,140794.2,922984.2,Paid On Time,2024-03-23,21.0,ACC9000180
INV-9000181,SO-4500195,C002,2024-12-05,2025-01-04,1892400.0,340632.0,2233032.0,Paid On Time,2024-12-10,5.0,ACC9000181
INV-9000182,SO-4500196,C017,2024-01-30,2024-02-14,2274220.0,409359.6,2683579.6,Paid On Time,2024-02-02,3.0,ACC9000182
INV-9000183,SO-4500197,C003,2024-06-15,2024-07-30,323370.0,58206.6,381576.6,Overdue,,,ACC9000183
INV-9000184,SO-4500198,C003,2024-09-21,2024-11-05,1884200.0,339156.0,2223356.0,Paid On Time,2024-11-04,44.0,ACC9000184
INV-9000185,SO-4500199,C013,2025-02-10,2025-03-12,756920.0,136245.6,893165.6,Paid On Time,2025-02-13,3.0,ACC9000185
INV-9000186,SO-4500200,C013,2024-02-23,2024-03-24,1040085.0,187215.3,1227300.3,Paid On Time,2024-03-08,14.0,ACC9000186
INV-9000187,SO-4500201,C012,2024-03-08,2024-04-07,336770.0,60618.6,397388.6,Overdue,,,ACC9000187
INV-9000188,SO-4500202,C018,2024-10-25,2024-11-24,205200.0,36936.0,242136.0,Paid On Time,2024-10-30,5.0,ACC9000188
INV-9000189,SO-4500203,C018,2024-02-28,2024-03-29,822240.0,148003.2,970243.2,Overdue,,,ACC9000189
INV-9000190,SO-4500204,C017,2024-04-06,2024-04-21,610960.0,109972.8,720932.8,Overdue,,,ACC9000190
INV-9000191,SO-4500205,C003,2024-04-09,2024-05-24,2709200.0,487656.0,3196856.0,Paid On Time,2024-05-09,30.0,ACC9000191
INV-9000192,SO-4500206,C005,2024-06-14,2024-07-14,596000.0,107280.0,703280.0,Paid On Time,2024-06-15,-5.0,ACC9000192
INV-9000193,SO-4500207,C016,2024-06-18,2024-08-02,1378740.0,248173.2,1626913.2,Overdue,,,ACC9000193
INV-9000194,SO-4500208,C019,2024-10-14,2024-11-13,1498550.0,269739.0,1768289.0,Paid On Time,2024-11-03,20.0,ACC9000194
INV-9000195,SO-4500210,C008,2024-12-12,2025-01-11,933616.0,168050.88,1101666.88,Paid On Time,2025-01-09,28.0,ACC9000195
INV-9000196,SO-4500211,C004,2024-01-18,2024-02-17,855804.0,154044.72,1009848.72,Overdue,,,ACC9000196
INV-9000197,SO-4500212,C015,2024-07-24,2024-08-23,1958680.0,352562.4,2311242.4,Paid On Time,2024-08-17,24.0,ACC9000197
INV-9000198,SO-4500213,C007,2024-10-07,2024-11-21,372525.0,67054.5,439579.5,Paid On Time,2024-10-08,0.0,ACC9000198
INV-9000199,SO-4500214,C008,2024-09-29,2024-10-29,159160.0,28648.8,187808.8,Paid On Time,2024-10-12,13.0,ACC9000199
INV-9000200,SO-4500215,C006,2024-04-19,2024-05-04,1617840.0,291211.2,1909051.2,Overdue,,,ACC9000200
INV-9000201,SO-4500216,C019,2024-03-04,2024-04-03,866800.0,156024.0,1022824.0,Paid On Time,2024-03-24,20.0,ACC9000201
INV-9000202,SO-4500217,C004,2024-07-06,2024-08-05,1012430.0,182237.4,1194667.4,Paid On Time,2024-07-27,21.0,ACC9000202
INV-9000203,SO-4500218,C005,2024-09-28,2024-10-28,653220.0,117579.6,770799.6,Paid On Time,2024-10-04,6.0,ACC9000203
INV-9000204,SO-4500219,C015,2024-11-26,2024-12-26,1718240.0,309283.2,2027523.2,Paid On Time,2024-12-20,24.0,ACC9000204
INV-9000205,SO-4500220,C016,2024-08-13,2024-09-27,1617000.0,291060.0,1908060.0,Paid On Time,2024-08-31,18.0,ACC9000205
INV-9000206,SO-4500221,C015,2024-10-24,2024-11-23,871098.0,156797.64,1027895.64,Paid On Time,2024-11-13,20.0,ACC9000206
INV-9000207,SO-4500222,C014,2024-02-29,2024-03-15,1803750.0,324675.0,2128425.0,Paid On Time,2024-03-10,10.0,ACC9000207
INV-9000208,SO-4500224,C020,2024-03-21,2024-04-05,962550.0,173259.0,1135809.0,Paid On Time,2024-04-02,12.0,ACC9000208
INV-9000209,SO-4500225,C018,2024-04-07,2024-05-07,1002100.0,180378.0,1182478.0,Overdue,,,ACC9000209
INV-9000210,SO-4500226,C005,2025-01-02,2025-02-01,323680.0,58262.4,381942.4,Overdue,,,ACC9000210
INV-9000211,SO-4500227,C019,2024-11-29,2024-12-29,1288725.0,231970.5,1520695.5,Paid On Time,2024-12-25,26.0,ACC9000211
INV-9000212,SO-4500228,C001,2025-04-02,2025-05-02,78000.0,14040.0,92040.0,Overdue,,,ACC9000212
INV-9000213,SO-4500229,C018,2024-07-30,2024-08-29,1482900.0,266922.0,1749822.0,Paid On Time,2024-08-17,18.0,ACC9000213
INV-9000214,SO-4500230,C002,2024-02-01,2024-03-02,2747630.0,494573.4,3242203.4,Overdue,,,ACC9000214
INV-9000215,SO-4500231,C003,2024-12-09,2025-01-23,57000.0,10260.0,67260.0,Overdue,,,ACC9000215
INV-9000216,SO-4500232,C013,2024-11-28,2024-12-28,454720.0,81849.6,536569.6,Paid On Time,2024-12-19,21.0,ACC9000216
INV-9000217,SO-4500233,C003,2024-03-22,2024-05-06,1737360.0,312724.8,2050084.8,Paid On Time,2024-04-07,16.0,ACC9000217
INV-9000218,SO-4500234,C012,2025-04-07,2025-05-07,1912600.0,344268.0,2256868.0,Paid On Time,2025-04-15,8.0,ACC9000218
INV-9000219,SO-4500235,C014,2024-11-18,2024-12-03,2332720.0,419889.6,2752609.6,Overdue,,,ACC9000219
INV-9000220,SO-4500236,C012,2024-08-14,2024-09-13,391680.0,70502.4,462182.4,Paid On Time,2024-08-15,-1.0,ACC9000220
INV-9000221,SO-4500237,C020,2025-01-18,2025-02-02,346500.0,62370.0,408870.0,Overdue,,,ACC9000221
INV-9000222,SO-4500238,C020,2024-09-29,2024-10-14,2464600.0,443628.0,2908228.0,Overdue,,,ACC9000222
INV-9000223,SO-4500239,C012,2024-06-21,2024-07-21,394855.0,71073.9,465928.9,Paid On Time,2024-07-11,20.0,ACC9000223
INV-9000224,SO-4500240,C017,2024-06-02,2024-06-17,969040.0,174427.2,1143467.2,Paid On Time,2024-06-03,-5.0,ACC9000224
INV-9000225,SO-4500241,C019,2024-12-01,2024-12-31,754600.0,135828.0,890428.0,Paid On Time,2024-12-03,2.0,ACC9000225
INV-9000226,SO-4500242,C002,2024-05-14,2024-06-13,1609670.0,289740.6,1899410.6,Paid On Time,2024-05-29,15.0,ACC9000226
INV-9000227,SO-4500243,C017,2024-10-05,2024-10-20,507425.0,91336.5,598761.5,Overdue,,,ACC9000227
INV-9000228,SO-4500244,C017,2024-02-16,2024-03-02,1782300.0,320814.0,2103114.0,Paid On Time,2024-02-17,-1.0,ACC9000228
INV-9000229,SO-4500245,C008,2025-01-22,2025-02-21,576000.0,103680.0,679680.0,Paid On Time,2025-02-21,30.0,ACC9000229
INV-9000230,SO-4500246,C016,2024-07-15,2024-08-29,877840.0,158011.2,1035851.2,Overdue,,,ACC9000230
INV-9000231,SO-4500248,C002,2024-08-02,2024-09-01,2192065.0,394571.7,2586636.7,Paid On Time,2024-08-27,25.0,ACC9000231
INV-9000232,SO-4500249,C020,2024-05-15,2024-05-30,274450.0,49401.0,323851.0,Paid On Time,2024-05-20,5.0,ACC9000232
INV-9000233,SO-4500250,C010,2024-03-03,2024-03-18,476232.0,85721.76,561953.76,Paid On Time,2024-03-04,-4.0,ACC9000233
INV-9000234,SO-4500252,C010,2024-05-21,2024-06-05,322312.0,58016.16,380328.16,Paid On Time,2024-05-27,6.0,ACC9000234
INV-9000235,SO-4500253,C006,2024-08-29,2024-09-13,2040125.0,367222.5,2407347.5,Paid On Time,2024-08-31,2.0,ACC9000235
INV-9000236,SO-4500254,C020,2024-02-03,2024-02-18,1579120.0,284241.6,1863361.6,Paid On Time,2024-02-08,5.0,ACC9000236
INV-9000237,SO-4500256,C007,2025-03-05,2025-04-19,99275.0,17869.5,117144.5,Paid On Time,2025-03-06,-4.0,ACC9000237
INV-9000238,SO-4500258,C015,2024-02-06,2024-03-07,1189364.0,214085.52,1403449.52,Paid On Time,2024-02-10,4.0,ACC9000238
INV-9000239,SO-4500259,C020,2024-11-27,2024-12-12,952260.0,171406.8,1123666.8,Overdue,,,ACC9000239
INV-9000240,SO-4500260,C014,2024-04-21,2024-05-06,1799150.0,323847.0,2122997.0,Paid On Time,2024-04-29,8.0,ACC9000240
INV-9000241,SO-4500261,C001,2024-06-19,2024-07-19,40480.0,7286.4,47766.4,Overdue,,,ACC9000241
INV-9000242,SO-4500262,C017,2024-07-12,2024-07-27,1033160.0,185968.8,1219128.8,Overdue,,,ACC9000242
INV-9000243,SO-4500264,C019,2024-06-18,2024-07-18,479230.0,86261.4,565491.4,Overdue,,,ACC9000243
INV-9000244,SO-4500265,C018,2024-06-15,2024-07-15,133280.0,23990.4,157270.4,Paid On Time,2024-07-04,19.0,ACC9000244
INV-9000245,SO-4500266,C020,2024-05-03,2024-05-18,1424120.0,256341.6,1680461.6,Overdue,,,ACC9000245
INV-9000246,SO-4500267,C004,2025-03-16,2025-04-15,1585315.0,285356.7,1870671.7,Overdue,,,ACC9000246
INV-9000247,SO-4500271,C008,2024-12-27,2025-01-26,3446080.0,620294.4,4066374.4,Paid On Time,2024-12-28,-2.0,ACC9000247
INV-9000248,SO-4500272,C013,2024-07-11,2024-08-10,968240.0,174283.2,1142523.2,Overdue,,,ACC9000248
INV-9000249,SO-4500273,C006,2024-08-29,2024-09-13,52250.0,9405.0,61655.0,Paid On Time,2024-09-08,10.0,ACC9000249
INV-9000250,SO-4500274,C009,2024-03-06,2024-04-05,88500.0,15930.0,104430.0,Paid On Time,2024-03-16,10.0,ACC9000250
INV-9000251,SO-4500276,C014,2024-03-31,2024-04-15,806070.0,145092.6,951162.6,Paid On Time,2024-04-01,0.0,ACC9000251
INV-9000252,SO-4500277,C004,2024-02-02,2024-03-03,2844720.0,512049.6,3356769.6,Paid On Time,2024-02-23,21.0,ACC9000252
INV-9000253,SO-4500278,C010,2024-02-18,2024-03-04,657800.0,118404.0,776204.0,Paid On Time,2024-02-19,-5.0,ACC9000253
INV-9000254,SO-4500279,C016,2024-12-16,2025-01-30,362954.0,65331.72,428285.72,Paid On Time,2025-01-04,19.0,ACC9000254
INV-9000255,SO-4500280,C002,2024-03-26,2024-04-25,734400.0,132192.0,866592.0,Paid On Time,2024-04-04,9.0,ACC9000255
INV-9000256,SO-4500281,C014,2025-01-30,2025-02-14,2885540.0,519397.2,3404937.2,Paid On Time,2025-02-04,5.0,ACC9000256
INV-9000257,SO-4500283,C005,2024-01-31,2024-03-01,798375.0,143707.5,942082.5,Paid On Time,2024-02-01,-3.0,ACC9000257
INV-9000258,SO-4500285,C014,2024-03-11,2024-03-26,119620.0,21531.6,141151.6,Overdue,,,ACC9000258
INV-9000259,SO-4500286,C004,2025-02-14,2025-03-16,1520370.0,273666.6,1794036.6,Paid On Time,2025-03-01,15.0,ACC9000259
INV-9000260,SO-4500287,C013,2024-02-01,2024-03-02,677350.0,121923.0,799273.0,Paid On Time,2024-03-02,30.0,ACC9000260
INV-9000261,SO-4500288,C009,2025-03-17,2025-04-16,57000.0,10260.0,67260.0,Overdue,,,ACC9000261
INV-9000262,SO-4500289,C015,2025-02-10,2025-03-12,1664330.0,299579.4,1963909.4,Paid On Time,2025-03-11,29.0,ACC9000262
INV-9000263,SO-4500290,C002,2024-10-03,2024-11-02,860200.0,154836.0,1015036.0,Paid On Time,2024-10-25,22.0,ACC9000263
INV-9000264,SO-4500291,C005,2025-02-11,2025-03-13,2535375.0,456367.5,2991742.5,Paid On Time,2025-02-20,9.0,ACC9000264
INV-9000265,SO-4500293,C020,2024-08-26,2024-09-10,72547.0,13058.46,85605.46,Paid On Time,2024-08-27,1.0,ACC9000265
INV-9000266,SO-4500297,C004,2024-01-16,2024-02-15,235055.0,42309.9,277364.9,Paid On Time,2024-01-31,15.0,ACC9000266
INV-9000267,SO-4500298,C009,2024-05-22,2024-06-21,1392640.0,250675.2,1643315.2,Paid On Time,2024-05-23,-5.0,ACC9000267
INV-9000268,SO-4500299,C001,2024-12-14,2025-01-13,477520.0,85953.6,563473.6,Overdue,,,ACC9000268
INV-9000269,SO-4500300,C008,2024-12-29,2025-01-28,1623380.0,292208.4,1915588.4,Paid On Time,2024-12-30,-5.0,ACC9000269
INV-9000270,SO-4500302,C010,2024-08-16,2024-08-31,1435000.0,258300.0,1693300.0,Paid On Time,2024-08-24,8.0,ACC9000270
INV-9000271,SO-4500303,C020,2024-02-20,2024-03-06,1610400.0,289872.0,1900272.0,Paid On Time,2024-02-29,9.0,ACC9000271
INV-9000272,SO-4500304,C002,2025-03-29,2025-04-28,677250.0,121905.0,799155.0,Overdue,,,ACC9000272
INV-9000273,SO-4500305,C011,2025-03-28,2025-04-27,560560.0,100900.8,661460.8,Overdue,,,ACC9000273
INV-9000274,SO-4500306,C011,2024-12-02,2025-01-01,836480.0,150566.4,987046.4,Paid On Time,2024-12-03,-3.0,ACC9000274
INV-9000275,SO-4500307,C016,2024-07-23,2024-09-06,1026920.0,184845.6,1211765.6,Paid On Time,2024-08-14,22.0,ACC9000275
INV-9000276,SO-4500308,C019,2024-06-18,2024-07-18,506000.0,91080.0,597080.0,Paid On Time,2024-07-02,14.0,ACC9000276
INV-9000277,SO-4500309,C017,2024-11-15,2024-11-30,743810.0,133885.8,877695.8,Paid On Time,2024-11-16,1.0,ACC9000277
INV-9000278,SO-4500310,C001,2024-11-06,2024-12-06,17480.0,3146.4,20626.4,Paid On Time,2024-11-17,11.0,ACC9000278
INV-9000279,SO-4500311,C009,2025-02-06,2025-03-08,8400.0,1512.0,9912.0,Overdue,,,ACC9000279
INV-9000280,SO-4500312,C001,2024-02-06,2024-03-07,1355920.0,244065.6,1599985.6,Overdue,,,ACC9000280
INV-9000281,SO-4500313,C009,2024-11-27,2024-12-27,497460.0,89542.8,587002.8,Overdue,,,ACC9000281
INV-9000282,SO-4500314,C004,2025-02-14,2025-03-16,333270.0,59988.6,393258.6,Paid On Time,2025-03-02,16.0,ACC9000282
INV-9000283,SO-4500315,C014,2024-06-09,2024-06-24,501916.0,90344.88,592260.88,Paid On Time,2024-06-24,15.0,ACC9000283
INV-9000284,SO-4500316,C004,2024-05-25,2024-06-24,1521500.0,273870.0,1795370.0,Paid On Time,2024-05-26,-1.0,ACC9000284
INV-9000285,SO-4500317,C004,2025-03-23,2025-04-22,352800.0,63504.0,416304.0,Paid On Time,2025-03-24,-4.0,ACC9000285
INV-9000286,SO-4500319,C005,2025-01-05,2025-02-04,2066136.0,371904.48,2438040.48,Paid On Time,2025-01-24,19.0,ACC9000286
INV-9000287,SO-4500320,C006,2024-11-18,2024-12-03,746784.0,134421.12,881205.12,Overdue,,,ACC9000287
INV-9000288,SO-4500321,C003,2024-05-20,2024-07-04,820800.0,147744.0,968544.0,Paid On Time,2024-06-13,24.0,ACC9000288
INV-9000289,SO-4500323,C016,2025-03-28,2025-05-12,326132.0,58703.76,384835.76,Paid On Time,2025-04-07,10.0,ACC9000289
INV-9000290,SO-4500324,C015,2024-08-26,2024-09-25,393480.0,70826.4,464306.4,Paid On Time,2024-09-05,10.0,ACC9000290
INV-9000291,SO-4500325,C018,2024-01-14,2024-02-13,1684290.0,303172.2,1987462.2,Overdue,,,ACC9000291
INV-9000292,SO-4500326,C012,2025-01-11,2025-02-10,11400.0,2052.0,13452.0,Overdue,,,ACC9000292
INV-9000293,SO-4500327,C012,2025-03-08,2025-04-07,342660.0,61678.8,404338.8,Paid On Time,2025-03-09,-2.0,ACC9000293
INV-9000294,SO-4500328,C004,2024-05-19,2024-06-18,853860.0,153694.8,1007554.8,Paid On Time,2024-06-06,18.0,ACC9000294
INV-9000295,SO-4500329,C004,2025-02-05,2025-03-07,3331100.0,599598.0,3930698.0,Paid On Time,2025-02-18,13.0,ACC9000295
INV-9000296,SO-4500330,C019,2024-04-08,2024-05-08,2230200.0,401436.0,2631636.0,Paid On Time,2024-04-12,4.0,ACC9000296
INV-9000297,SO-4500332,C005,2024-08-12,2024-09-11,1680500.0,302490.0,1982990.0,Paid On Time,2024-08-20,8.0,ACC9000297
INV-9000298,SO-4500333,C012,2024-10-21,2024-11-20,997492.0,179548.56,1177040.56,Paid On Time,2024-10-31,10.0,ACC9000298
INV-9000299,SO-4500334,C010,2024-12-29,2025-01-13,346500.0,62370.0,408870.0,Overdue,,,ACC9000299
INV-9000300,SO-4500335,C002,2024-07-11,2024-08-10,74088.0,13335.84,87423.84,Paid On Time,2024-07-23,12.0,ACC9000300
INV-9000301,SO-4500336,C018,2024-07-30,2024-08-29,1459725.0,262750.5,1722475.5,Overdue,,,ACC9000301
INV-9000302,SO-4500337,C007,2024-11-20,2025-01-04,487440.0,87739.2,575179.2,Overdue,,,ACC9000302
INV-9000303,SO-4500338,C004,2024-07-23,2024-08-22,527260.0,94906.8,622166.8,Overdue,,,ACC9000303
INV-9000304,SO-4500339,C005,2024-01-28,2024-02-27,1670730.0,300731.4,1971461.4,Paid On Time,2024-02-06,9.0,ACC9000304
INV-9000305,SO-4500342,C008,2024-12-06,2025-01-05,3585810.0,645445.8,4231255.8,Paid On Time,2024-12-22,16.0,ACC9000305
INV-9000306,SO-4500343,C016,2024-02-02,2024-03-18,281700.0,50706.0,332406.0,Paid On Time,2024-02-23,21.0,ACC9000306
INV-9000307,SO-4500344,C018,2024-01-11,2024-02-10,245952.0,44271.36,290223.36,Overdue,,,ACC9000307
INV-9000308,SO-4500345,C003,2025-01-27,2025-03-13,71500.0,12870.0,84370.0,Paid On Time,2025-02-19,23.0,ACC9000308
INV-9000309,SO-4500346,C003,2024-02-20,2024-04-05,1027180.0,184892.4,1212072.4,Paid On Time,2024-03-27,36.0,ACC9000309
INV-9000310,SO-4500347,C011,2024-01-18,2024-02-17,7650.0,1377.0,9027.0,Paid On Time,2024-02-10,23.0,ACC9000310
INV-9000311,SO-4500348,C003,2025-01-29,2025-03-15,734400.0,132192.0,866592.0,Paid On Time,2025-02-01,3.0,ACC9000311
INV-9000312,SO-4500349,C004,2024-06-11,2024-07-11,1804360.0,324784.8,2129144.8,Paid On Time,2024-06-12,-1.0,ACC9000312
INV-9000313,SO-4500350,C018,2024-05-02,2024-06-01,1144000.0,205920.0,1349920.0,Paid On Time,2024-05-03,-2.0,ACC9000313
INV-9000314,SO-4500351,C019,2024-11-10,2024-12-10,1630900.0,293562.0,1924462.0,Paid On Time,2024-11-18,8.0,ACC9000314
INV-9000315,SO-4500352,C006,2024-12-18,2025-01-02,114750.0,20655.0,135405.0,Paid On Time,2024-12-19,0.0,ACC9000315
INV-9000316,SO-4500353,C003,2024-06-06,2024-07-21,1609400.0,289692.0,1899092.0,Paid On Time,2024-06-27,21.0,ACC9000316
INV-9000317,SO-4500355,C012,2025-02-27,2025-03-29,930905.0,167562.9,1098467.9,Paid On Time,2025-03-26,27.0,ACC9000317
INV-9000318,SO-4500356,C015,2024-07-10,2024-08-09,2415930.0,434867.4,2850797.4,Paid On Time,2024-08-01,22.0,ACC9000318
INV-9000319,SO-4500357,C017,2024-12-03,2024-12-18,1695740.0,305233.2,2000973.2,Paid On Time,2024-12-17,14.0,ACC9000319
INV-9000320,SO-4500358,C015,2024-09-22,2024-10-22,2109080.0,379634.4,2488714.4,Overdue,,,ACC9000320
INV-9000321,SO-4500360,C003,2024-05-25,2024-07-09,726750.0,130815.0,857565.0,Paid On Time,2024-06-20,26.0,ACC9000321
INV-9000322,SO-4500362,C017,2024-12-03,2024-12-18,195380.0,35168.4,230548.4,Paid On Time,2024-12-09,6.0,ACC9000322
INV-9000323,SO-4500364,C020,2024-01-14,2024-01-29,278100.0,50058.0,328158.0,Paid On Time,2024-01-28,14.0,ACC9000323
INV-9000324,SO-4500365,C007,2024-03-28,2024-05-12,652020.0,117363.6,769383.6,Overdue,,,ACC9000324
INV-9000325,SO-4500366,C007,2024-11-08,2024-12-23,3268120.0,588261.6,3856381.6,Paid On Time,2024-12-07,29.0,ACC9000325
INV-9000326,SO-4500367,C002,2024-04-09,2024-05-09,881100.0,158598.0,1039698.0,Paid On Time,2024-04-10,0.0,ACC9000326
INV-9000327,SO-4500368,C003,2024-05-02,2024-06-16,1532924.0,275926.32,1808850.32,Paid On Time,2024-06-16,45.0,ACC9000327
INV-9000328,SO-4500369,C011,2024-09-02,2024-10-02,143520.0,25833.6,169353.6,Paid On Time,2024-09-07,5.0,ACC9000328
INV-9000329,SO-4500370,C005,2024-03-10,2024-04-09,1904320.0,342777.6,2247097.6,Paid On Time,2024-04-02,23.0,ACC9000329
INV-9000330,SO-4500371,C020,2024-10-16,2024-10-31,2352457.0,423442.26,2775899.26,Overdue,,,ACC9000330
INV-9000331,SO-4500372,C004,2024-08-18,2024-09-17,1129460.0,203302.8,1332762.8,Overdue,,,ACC9000331
INV-9000332,SO-4500373,C001,2024-07-20,2024-08-19,1114195.0,200555.1,1314750.1,Overdue,,,ACC9000332
INV-9000333,SO-4500374,C014,2024-10-30,2024-11-14,1042560.0,187660.8,1230220.8,Paid On Time,2024-10-31,-4.0,ACC9000333
INV-9000334,SO-4500375,C018,2024-09-17,2024-10-17,205420.0,36975.6,242395.6,Paid On Time,2024-10-09,22.0,ACC9000334
INV-9000335,SO-4500376,C007,2024-09-25,2024-11-09,562000.0,101160.0,663160.0,Paid On Time,2024-10-28,33.0,ACC9000335
INV-9000336,SO-4500377,C014,2024-02-24,2024-03-10,1003280.0,180590.4,1183870.4,Overdue,,,ACC9000336
INV-9000337,SO-4500378,C020,2024-12-10,2024-12-25,1384150.0,249147.0,1633297.0,Paid On Time,2024-12-21,11.0,ACC9000337
INV-9000338,SO-4500379,C006,2024-12-24,2025-01-08,378100.0,68058.0,446158.0,Overdue,,,ACC9000338
INV-9000339,SO-4500380,C013,2024-08-06,2024-09-05,1998345.0,359702.1,2358047.1,Paid On Time,2024-08-30,24.0,ACC9000339
INV-9000340,SO-4500381,C006,2024-08-07,2024-08-22,4206470.0,757164.6,4963634.6,Overdue,,,ACC9000340
INV-9000341,SO-4500382,C011,2025-02-15,2025-03-17,2878180.0,518072.4,3396252.4,Paid On Time,2025-02-16,-1.0,ACC9000341
INV-9000342,SO-4500383,C017,2024-10-13,2024-10-28,672060.0,120970.8,793030.8,Paid On Time,2024-10-16,3.0,ACC9000342
INV-9000343,SO-4500384,C011,2024-07-14,2024-08-13,1123120.0,202161.6,1325281.6,Paid On Time,2024-07-21,7.0,ACC9000343
INV-9000344,SO-4500387,C017,2024-07-05,2024-07-20,1355660.0,244018.8,1599678.8,Paid On Time,2024-07-12,7.0,ACC9000344
INV-9000345,SO-4500388,C001,2024-12-18,2025-01-17,2450380.0,441068.4,2891448.4,Paid On Time,2024-12-19,-5.0,ACC9000345
INV-9000346,SO-4500389,C014,2024-04-29,2024-05-14,884450.0,159201.0,1043651.0,Overdue,,,ACC9000346
INV-9000347,SO-4500390,C004,2025-01-17,2025-02-16,128870.0,23196.6,152066.6,Paid On Time,2025-02-07,21.0,ACC9000347
INV-9000348,SO-4500391,C016,2025-03-01,2025-04-15,2026700.0,364806.0,2391506.0,Paid On Time,2025-04-12,42.0,ACC9000348
INV-9000349,SO-4500392,C006,2024-02-13,2024-02-28,1948300.0,350694.0,2298994.0,Overdue,,,ACC9000349
INV-9000350,SO-4500393,C009,2024-07-06,2024-08-05,186200.0,33516.0,219716.0,Overdue,,,ACC9000350
INV-9000351,SO-4500394,C019,2024-10-29,2024-11-28,1503890.0,270700.2,1774590.2,Paid On Time,2024-11-19,21.0,ACC9000351
INV-9000352,SO-4500395,C020,2024-10-26,2024-11-10,387600.0,69768.0,457368.0,Paid On Time,2024-10-28,2.0,ACC9000352
INV-9000353,SO-4500396,C008,2024-06-22,2024-07-22,679260.0,122266.8,801526.8,Overdue,,,ACC9000353
INV-9000354,SO-4500397,C006,2024-04-13,2024-04-28,156720.0,28209.6,184929.6,Paid On Time,2024-04-20,7.0,ACC9000354
INV-9000355,SO-4500398,C004,2024-03-02,2024-04-01,1928380.0,347108.4,2275488.4,Paid On Time,2024-03-13,11.0,ACC9000355
INV-9000356,SO-4500399,C010,2024-05-09,2024-05-24,198990.0,35818.2,234808.2,Overdue,,,ACC9000356
INV-9000357,SO-4500401,C018,2024-05-10,2024-06-09,591522.0,106473.96,697995.96,Overdue,,,ACC9000357
INV-9000358,SO-4500402,C016,2024-10-12,2024-11-26,2166248.0,389924.64,2556172.64,Paid On Time,2024-10-14,2.0,ACC9000358
INV-9000359,SO-4500403,C018,2024-08-24,2024-09-23,148392.0,26710.56,175102.56,Paid On Time,2024-09-15,22.0,ACC9000359
INV-9000360,SO-4500404,C008,2024-10-01,2024-10-31,678950.0,122211.0,801161.0,Paid On Time,2024-10-11,10.0,ACC9000360
INV-9000361,SO-4500405,C020,2024-09-22,2024-10-07,50400.0,9072.0,59472.0,Paid On Time,2024-09-23,-3.0,ACC9000361
INV-9000362,SO-4500407,C007,2024-07-06,2024-08-20,1269480.0,228506.4,1497986.4,Paid On Time,2024-07-07,-2.0,ACC9000362
INV-9000363,SO-4500409,C015,2025-01-20,2025-02-19,2066675.0,372001.5,2438676.5,Paid On Time,2025-01-31,11.0,ACC9000363
INV-9000364,SO-4500410,C002,2025-04-01,2025-05-01,159600.0,28728.0,188328.0,Overdue,,,ACC9000364
INV-9000365,SO-4500411,C001,2024-04-04,2024-05-04,4414000.0,794520.0,5208520.0,Paid On Time,2024-04-15,11.0,ACC9000365
INV-9000366,SO-4500413,C018,2025-02-19,2025-03-21,368760.0,66376.8,435136.8,Overdue,,,ACC9000366
INV-9000367,SO-4500414,C016,2025-01-05,2025-02-19,1502870.0,270516.6,1773386.6,Paid On Time,2025-01-06,-4.0,ACC9000367
INV-9000368,SO-4500415,C009,2025-03-28,2025-04-27,2492720.0,448689.6,2941409.6,Overdue,,,ACC9000368
INV-9000369,SO-4500416,C020,2025-03-22,2025-04-06,2289140.0,412045.2,2701185.2,Overdue,,,ACC9000369
INV-9000370,SO-4500417,C004,2024-10-07,2024-11-06,168000.0,30240.0,198240.0,Overdue,,,ACC9000370
INV-9000371,SO-4500418,C007,2024-03-03,2024-04-17,1485800.0,267444.0,1753244.0,Paid On Time,2024-03-22,19.0,ACC9000371
INV-9000372,SO-4500419,C016,2024-10-09,2024-11-23,2558060.0,460450.8,3018510.8,Paid On Time,2024-10-25,16.0,ACC9000372
INV-9000373,SO-4500420,C002,2025-03-10,2025-04-09,3409790.0,613762.2,4023552.2,Paid On Time,2025-03-21,11.0,ACC9000373
INV-9000374,SO-4500423,C018,2024-04-30,2024-05-30,170825.0,30748.5,201573.5,Paid On Time,2024-05-27,27.0,ACC9000374
INV-9000375,SO-4500424,C008,2024-05-02,2024-06-01,356400.0,64152.0,420552.0,Overdue,,,ACC9000375
INV-9000376,SO-4500427,C019,2024-05-02,2024-06-01,1261560.0,227080.8,1488640.8,Overdue,,,ACC9000376
INV-9000377,SO-4500428,C013,2024-02-23,2024-03-24,192740.0,34693.2,227433.2,Overdue,,,ACC9000377
INV-9000378,SO-4500429,C010,2024-10-03,2024-10-18,1401700.0,252306.0,1654006.0,Paid On Time,2024-10-04,1.0,ACC9000378
INV-9000379,SO-4500430,C010,2025-02-18,2025-03-05,230400.0,41472.0,271872.0,Paid On Time,2025-02-22,4.0,ACC9000379
INV-9000380,SO-4500431,C013,2024-05-25,2024-06-24,1898604.0,341748.72,2240352.72,Overdue,,,ACC9000380
INV-9000381,SO-4500432,C009,2025-02-11,2025-03-13,2260880.0,406958.4,2667838.4,Overdue,,,ACC9000381
INV-9000382,SO-4500433,C015,2024-11-28,2024-12-28,79800.0,14364.0,94164.0,Overdue,,,ACC9000382
INV-9000383,SO-4500434,C005,2025-02-02,2025-03-04,223440.0,40219.2,263659.2,Paid On Time,2025-02-03,-5.0,ACC9000383
INV-9000384,SO-4500435,C020,2024-03-25,2024-04-09,2011320.0,362037.6,2373357.6,Overdue,,,ACC9000384
INV-9000385,SO-4500436,C018,2024-04-25,2024-05-25,1367340.0,246121.2,1613461.2,Paid On Time,2024-04-26,1.0,ACC9000385
INV-9000386,SO-4500437,C009,2024-02-05,2024-03-06,839800.0,151164.0,990964.0,Overdue,,,ACC9000386
INV-9000387,SO-4500438,C012,2025-03-31,2025-04-30,503040.0,90547.2,593587.2,Paid On Time,2025-04-28,28.0,ACC9000387
INV-9000388,SO-4500439,C003,2024-04-18,2024-06-02,1960215.0,352838.7,2313053.7,Paid On Time,2024-05-19,31.0,ACC9000388
INV-9000389,SO-4500440,C012,2024-07-13,2024-08-12,377200.0,67896.0,445096.0,Paid On Time,2024-07-18,5.0,ACC9000389
INV-9000390,SO-4500441,C018,2024-06-01,2024-07-01,1692360.0,304624.8,1996984.8,Paid On Time,2024-06-19,18.0,ACC9000390
INV-9000391,SO-4500442,C019,2024-03-28,2024-04-27,236688.0,42603.84,279291.84,Overdue,,,ACC9000391
INV-9000392,SO-4500443,C007,2025-03-26,2025-05-10,321040.0,57787.2,378827.2,Paid On Time,2025-04-15,20.0,ACC9000392
INV-9000393,SO-4500444,C014,2024-06-18,2024-07-03,2343700.0,421866.0,2765566.0,Paid On Time,2024-06-24,6.0,ACC9000393
INV-9000394,SO-4500445,C020,2024-10-25,2024-11-09,2400220.0,432039.6,2832259.6,Overdue,,,ACC9000394
INV-9000395,SO-4500446,C005,2024-04-03,2024-05-03,3990.0,718.2,4708.2,Paid On Time,2024-04-09,6.0,ACC9000395
INV-9000396,SO-4500447,C014,2024-05-03,2024-05-18,1499600.0,269928.0,1769528.0,Paid On Time,2024-05-04,-2.0,ACC9000396
INV-9000397,SO-4500448,C011,2025-03-28,2025-04-27,229860.0,41374.8,271234.8,Overdue,,,ACC9000397
INV-9000398,SO-4500450,C017,2025-02-05,2025-02-20,414000.0,74520.0,488520.0,Paid On Time,2025-02-16,11.0,ACC9000398
INV-9000399,SO-4500451,C013,2025-04-10,2025-05-10,103020.0,18543.6,121563.6,Paid On Time,2025-05-03,23.0,ACC9000399
INV-9000400,SO-4500452,C015,2024-02-24,2024-03-25,239400.0,43092.0,282492.0,Overdue,,,ACC9000400
INV-9000401,SO-4500453,C005,2024-07-29,2024-08-28,1373700.0,247266.0,1620966.0,Paid On Time,2024-07-30,0.0,ACC9000401
INV-9000402,SO-4500454,C015,2024-12-01,2024-12-31,609780.0,109760.4,719540.4,Paid On Time,2024-12-02,0.0,ACC9000402
INV-9000403,SO-4500455,C010,2024-06-20,2024-07-05,1168040.0,210247.2,1378287.2,Paid On Time,2024-06-22,2.0,ACC9000403
INV-9000404,SO-4500456,C018,2025-02-28,2025-03-30,1362860.0,245314.8,1608174.8,Paid On Time,2025-03-01,-1.0,ACC9000404
INV-9000405,SO-4500457,C009,2024-11-25,2024-12-25,593000.0,106740.0,699740.0,Paid On Time,2024-11-26,-4.0,ACC9000405
INV-9000406,SO-4500458,C005,2025-03-23,2025-04-22,3129756.0,563356.08,3693112.08,Paid On Time,2025-04-17,25.0,ACC9000406
INV-9000407,SO-4500459,C015,2025-02-01,2025-03-03,646000.0,116280.0,762280.0,Overdue,,,ACC9000407
INV-9000408,SO-4500460,C012,2024-07-21,2024-08-20,2350420.0,423075.6,2773495.6,Paid On Time,2024-07-22,-5.0,ACC9000408
INV-9000409,SO-4500461,C007,2024-11-16,2024-12-31,3074400.0,553392.0,3627792.0,Paid On Time,2024-12-15,29.0,ACC9000409
INV-9000410,SO-4500462,C016,2024-09-30,2024-11-14,946500.0,170370.0,1116870.0,Paid On Time,2024-10-01,0.0,ACC9000410
INV-9000411,SO-4500463,C014,2024-08-07,2024-08-22,1145525.0,206194.5,1351719.5,Paid On Time,2024-08-15,8.0,ACC9000411
INV-9000412,SO-4500464,C017,2024-10-15,2024-10-30,1191300.0,214434.0,1405734.0,Overdue,,,ACC9000412
INV-9000413,SO-4500465,C013,2025-01-16,2025-02-15,93100.0,16758.0,109858.0,Paid On Time,2025-02-11,26.0,ACC9000413
INV-9000414,SO-4500466,C011,2024-12-24,2025-01-23,2247685.0,404583.3,2652268.3,Overdue,,,ACC9000414
INV-9000415,SO-4500467,C019,2025-01-18,2025-02-17,1423140.0,256165.2,1679305.2,Overdue,,,ACC9000415
INV-9000416,SO-4500468,C013,2024-04-18,2024-05-18,1680680.0,302522.4,1983202.4,Paid On Time,2024-05-04,16.0,ACC9000416
INV-9000417,SO-4500469,C010,2024-05-02,2024-05-17,249660.0,44938.8,294598.8,Overdue,,,ACC9000417
INV-9000418,SO-4500470,C017,2024-01-25,2024-02-09,1239770.0,223158.6,1462928.6,Paid On Time,2024-02-04,10.0,ACC9000418
INV-9000419,SO-4500471,C004,2024-01-15,2024-02-14,11970.0,2154.6,14124.6,Overdue,,,ACC9000419
INV-9000420,SO-4500472,C015,2025-04-13,2025-05-13,1874270.0,337368.6,2211638.6,Paid On Time,2025-05-02,19.0,ACC9000420
INV-9000421,SO-4500473,C006,2024-05-27,2024-06-11,1974585.0,355425.3,2330010.3,Overdue,,,ACC9000421
INV-9000422,SO-4500474,C020,2024-07-04,2024-07-19,25760.0,4636.8,30396.8,Paid On Time,2024-07-05,1.0,ACC9000422
INV-9000423,SO-4500475,C002,2024-03-02,2024-04-01,53508.0,9631.44,63139.44,Paid On Time,2024-03-26,24.0,ACC9000423
INV-9000424,SO-4500476,C020,2024-11-12,2024-11-27,1097480.0,197546.4,1295026.4,Paid On Time,2024-11-15,3.0,ACC9000424
INV-9000425,SO-4500477,C004,2024-08-28,2024-09-27,1435190.0,258334.2,1693524.2,Overdue,,,ACC9000425
INV-9000426,SO-4500478,C016,2024-01-24,2024-03-09,139840.0,25171.2,165011.2,Paid On Time,2024-02-23,30.0,ACC9000426
INV-9000427,SO-4500479,C006,2024-06-03,2024-06-18,2844740.0,512053.2,3356793.2,Overdue,,,ACC9000427
INV-9000428,SO-4500480,C008,2024-11-27,2024-12-27,261600.0,47088.0,308688.0,Overdue,,,ACC9000428
INV-9000429,SO-4500483,C013,2024-06-30,2024-07-30,466480.0,83966.4,550446.4,Paid On Time,2024-07-27,27.0,ACC9000429
INV-9000430,SO-4500484,C019,2025-02-03,2025-03-05,128800.0,23184.0,151984.0,Overdue,,,ACC9000430
INV-9000431,SO-4500485,C018,2024-06-08,2024-07-08,1597625.0,287572.5,1885197.5,Paid On Time,2024-06-09,-5.0,ACC9000431
INV-9000432,SO-4500486,C005,2025-03-24,2025-04-23,538910.0,97003.8,635913.8,Paid On Time,2025-03-25,-4.0,ACC9000432
INV-9000433,SO-4500487,C014,2025-01-06,2025-01-21,341852.0,61533.36,403385.36,Paid On Time,2025-01-07,-3.0,ACC9000433
INV-9000434,SO-4500488,C007,2024-10-23,2024-12-07,102480.0,18446.4,120926.4,Overdue,,,ACC9000434
INV-9000435,SO-4500489,C016,2024-12-12,2025-01-26,1391040.0,250387.2,1641427.2,Overdue,,,ACC9000435
INV-9000436,SO-4500490,C020,2024-04-15,2024-04-30,313700.0,56466.0,370166.0,Paid On Time,2024-04-16,0.0,ACC9000436
INV-9000437,SO-4500491,C017,2024-05-29,2024-06-13,1321235.0,237822.3,1559057.3,Overdue,,,ACC9000437
INV-9000438,SO-4500493,C018,2025-02-26,2025-03-28,2671920.0,480945.6,3152865.6,Overdue,,,ACC9000438
INV-9000439,SO-4500495,C020,2024-01-22,2024-02-06,476000.0,85680.0,561680.0,Overdue,,,ACC9000439
INV-9000440,SO-4500496,C009,2024-05-20,2024-06-19,433080.0,77954.4,511034.4,Overdue,,,ACC9000440
INV-9000441,SO-4500497,C012,2025-02-27,2025-03-29,1038000.0,186840.0,1224840.0,Overdue,,,ACC9000441
INV-9000442,SO-4500499,C007,2024-10-31,2024-12-15,2203000.0,396540.0,2599540.0,Overdue,,,ACC9000442
INV-9000443,SO-4500501,C004,2024-10-06,2024-11-05,345300.0,62154.0,407454.0,Paid On Time,2024-10-09,3.0,ACC9000443
INV-9000444,SO-4500502,C007,2024-10-07,2024-11-21,33000.0,5940.0,38940.0,Paid On Time,2024-10-13,6.0,ACC9000444
INV-9000445,SO-4500503,C014,2024-03-02,2024-03-17,673500.0,121230.0,794730.0,Overdue,,,ACC9000445
INV-9000446,SO-4500504,C020,2024-12-06,2024-12-21,1332800.0,239904.0,1572704.0,Paid On Time,2024-12-11,5.0,ACC9000446
INV-9000447,SO-4500505,C013,2024-12-16,2025-01-15,2241150.0,403407.0,2644557.0,Paid On Time,2024-12-18,2.0,ACC9000447
INV-9000448,SO-4500506,C002,2024-07-28,2024-08-27,194040.0,34927.2,228967.2,Overdue,,,ACC9000448
INV-9000449,SO-4500507,C015,2024-02-15,2024-03-16,93744.0,16873.92,110617.92,Paid On Time,2024-02-25,10.0,ACC9000449
INV-9000450,SO-4500508,C018,2025-02-07,2025-03-09,940181.0,169232.58,1109413.58,Paid On Time,2025-02-12,5.0,ACC9000450
INV-9000451,SO-4500509,C013,2024-05-24,2024-06-23,1298480.0,233726.4,1532206.4,Paid On Time,2024-05-25,1.0,ACC9000451
INV-9000452,SO-4500510,C018,2024-05-08,2024-06-07,1449475.0,260905.5,1710380.5,Overdue,,,ACC9000452
INV-9000453,SO-4500511,C003,2025-03-13,2025-04-27,286400.0,51552.0,337952.0,Paid On Time,2025-03-28,15.0,ACC9000453
INV-9000454,SO-4500512,C012,2024-09-18,2024-10-18,1423400.0,256212.0,1679612.0,Paid On Time,2024-10-07,19.0,ACC9000454
INV-9000455,SO-4500514,C005,2025-01-25,2025-02-24,391000.0,70380.0,461380.0,Paid On Time,2025-02-03,9.0,ACC9000455
INV-9000456,SO-4500516,C016,2024-11-11,2024-12-26,1460150.0,262827.0,1722977.0,Overdue,,,ACC9000456
INV-9000457,SO-4500517,C004,2024-12-24,2025-01-23,270000.0,48600.0,318600.0,Overdue,,,ACC9000457
INV-9000458,SO-4500518,C003,2024-03-11,2024-04-25,506080.0,91094.4,597174.4,Overdue,,,ACC9000458
