so_number,sap_doc_number,customer_id,customer_name,region,order_date,order_month,order_year,status,order_total,payment_terms,sales_org,distribution_channel,division
SO-4500000,5004500000,C004,HCL Systems Pvt Ltd,North,2024-01-13,2024-01,2024,Completed,118800.0,Net 30,1000,10,00
SO-4500001,5004500001,C014,Mastech Digital,East,2024-01-17,2024-01,2024,Completed,1086720.0,Net 15,1000,10,00
SO-4500002,5004500002,C018,BlueStar Systems,South,2024-08-02,2024-08,2024,Completed,868940.0,Net 30,1000,10,00
SO-4500003,5004500003,C020,Delta Software Pvt Ltd,East,2024-05-15,2024-05,2024,Delivered,2850510.0,Net 15,1000,10,00
SO-4500004,5004500004,C008,Mindtree Technologies,South,2025-01-30,2025-01,2025,Completed,44160.0,Net 30,1000,10,00
SO-4500005,5004500005,C009,Hexaware Technologies,West,2024-08-20,2024-08,2024,Completed,148450.0,Net 30,1000,10,00
SO-4500006,5004500006,C008,Mindtree Technologies,South,2024-03-24,2024-03,2024,Completed,132085.0,Net 30,1000,10,00
SO-4500007,5004500007,C003,TCS Enterprises,West,2024-04-18,2024-04,2024,In Transit,1326225.0,Net 45,1000,10,00
SO-4500008,5004500008,C013,Cyient Limited,South,2024-07-04,2024-07,2024,Completed,347840.0,Net 30,1000,10,00
SO-4500009,5004500009,C006,Mphasis Solutions,South,2025-02-09,2025-02,2025,Completed,1662365.0,Net 15,1000,10,00
SO-4500010,5004500010,C015,KPIT Technologies,West,2024-01-02,2024-01,2024,Cancelled,425412.0,Net 30,1000,10,00
SO-4500011,5004500011,C012,Persistent Systems,West,2025-01-25,2025-01,2025,Completed,3091800.0,Net 30,1000,10,00
SO-4500012,5004500012,C018,BlueStar Systems,South,2025-01-27,2025-01,2025,Completed,983700.0,Net 30,1000,10,00
SO-4500013,5004500013,C015,KPIT Technologies,West,2024-09-21,2024-09,2024,Completed,1294800.0,Net 30,1000,10,00
SO-4500014,5004500014,C008,Mindtree Technologies,South,2024-10-28,2024-10,2024,Completed,680000.0,Net 30,1000,10,00
SO-4500015,5004500015,C002,Wipro Technologies,South,2025-03-16,2025-03,2025,Completed,1733640.0,Net 30,1000,10,00
SO-4500016,5004500016,C012,Persistent Systems,West,2024-08-04,2024-08,2024,Completed,209760.0,Net 30,1000,10,00
SO-4500017,5004500017,C011,NIIT Technologies,North,2025-02-13,2025-02,2025,Delivered,764520.0,Net 30,1000,10,00
SO-4500018,5004500018,C006,Mphasis Solutions,South,2024-05-22,2024-05,2024,Completed,117000.0,Net 15,1000,10,00
SO-4500019,5004500019,C002,Wipro Technologies,South,2024-11-29,2024-11,2024,Cancelled,533120.0,Net 30,1000,10,00
SO-4500020,5004500020,C014,Mastech Digital,East,2024-09-05,2024-09,2024,Completed,2605010.0,Net 15,1000,10,00
SO-4500021,5004500021,C007,L&T Infotech,West,2024-05-31,2024-05,2024,Completed,99000.0,Net 45,1000,10,00
SO-4500022,5004500022,C011,NIIT Technologies,North,2024-01-30,2024-01,2024,Completed,1746800.0,Net 30,1000,10,00
SO-4500023,5004500023,C004,HCL Systems Pvt Ltd,North,2025-03-31,2025-03,2025,Completed,1643209.0,Net 30,1000,10,00
SO-4500024,5004500024,C003,TCS Enterprises,West,2024-01-05,2024-01,2024,Completed,1462920.0,Net 45,1000,10,00
SO-4500025,5004500025,C020,Delta Software Pvt Ltd,East,2025-02-17,2025-02,2025,Completed,85000.0,Net 15,1000,10,00
SO-4500026,5004500026,C005,Tech Mahindra,West,2024-05-15,2024-05,2024,Completed,40375.0,Net 30,1000,10,00
SO-4500027,5004500027,C010,Zensar Technologies,West,2024-11-05,2024-11,2024,Completed,1366400.0,Net 15,1000,10,00
SO-4500028,5004500028,C002,Wipro Technologies,South,2024-01-02,2024-01,2024,Completed,473400.0,Net 30,1000,10,00
SO-4500029,5004500029,C001,Infosys Limited,South,2024-02-27,2024-02,2024,Completed,1591200.0,Net 30,1000,10,00
SO-4500030,5004500030,C014,Mastech Digital,East,2024-03-06,2024-03,2024,Completed,1349600.0,Net 15,1000,10,00
SO-4500031,5004500031,C005,Tech Mahindra,West,2024-05-01,2024-05,2024,Delivered,1011780.0,Net 30,1000,10,00
SO-4500032,5004500032,C009,Hexaware Technologies,West,2024-03-22,2024-03,2024,Delivered,33120.0,Net 30,1000,10,00
SO-4500033,5004500033,C008,Mindtree Technologies,South,2024-04-12,2024-04,2024,Delivered,869235.0,Net 30,1000,10,00
SO-4500034,5004500034,C017,Sigma Infotech,East,2024-07-23,2024-07,2024,Completed,2804175.0,Net 15,1000,10,00
SO-4500035,5004500035,C017,Sigma Infotech,East,2024-02-29,2024-02,2024,Completed,2858380.0,Net 15,1000,10,00
SO-4500036,5004500036,C010,Zensar Technologies,West,2024-09-16,2024-09,2024,Completed,1525220.0,Net 15,1000,10,00
SO-4500037,5004500037,C018,BlueStar Systems,South,2025-03-02,2025-03,2025,Completed,800040.0,Net 30,1000,10,00
SO-4500038,5004500038,C006,Mphasis Solutions,South,2024-12-03,2024-12,2024,Completed,528308.0,Net 15,1000,10,00
SO-4500039,5004500039,C014,Mastech Digital,East,2025-03-29,2025-03,2025,Completed,489320.0,Net 15,1000,10,00
SO-4500040,5004500040,C004,HCL Systems Pvt Ltd,North,2025-02-02,2025-02,2025,Completed,138400.0,Net 30,1000,10,00
SO-4500041,5004500041,C015,KPIT Technologies,West,2024-03-09,2024-03,2024,Delivered,705273.0,Net 30,1000,10,00
SO-4500042,5004500042,C008,Mindtree Technologies,South,2024-05-20,2024-05,2024,Completed,220230.0,Net 30,1000,10,00
SO-4500043,5004500043,C013,Cyient Limited,South,2024-12-21,2024-12,2024,Completed,973952.0,Net 30,1000,10,00
SO-4500044,5004500044,C014,Mastech Digital,East,2024-02-01,2024-02,2024,Completed,1279860.0,Net 15,1000,10,00
SO-4500045,5004500045,C020,Delta Software Pvt Ltd,East,2024-04-22,2024-04,2024,Completed,1772750.0,Net 15,1000,10,00
SO-4500046,5004500046,C020,Delta Software Pvt Ltd,East,2024-09-30,2024-09,2024,Completed,1113800.0,Net 15,1000,10,00
SO-4500047,5004500047,C007,L&T Infotech,West,2024-08-20,2024-08,2024,Completed,680992.0,Net 45,1000,10,00
SO-4500048,5004500048,C001,Infosys Limited,South,2024-05-06,2024-05,2024,Completed,20580.0,Net 30,1000,10,00
SO-4500049,5004500049,C005,Tech Mahindra,West,2024-08-30,2024-08,2024,Completed,1361980.0,Net 30,1000,10,00
SO-4500050,5004500050,C013,Cyient Limited,South,2024-07-22,2024-07,2024,In Transit,593500.0,Net 30,1000,10,00
SO-4500051,5004500051,C004,HCL Systems Pvt Ltd,North,2025-02-11,2025-02,2025,Cancelled,157320.0,Net 30,1000,10,00
SO-4500052,5004500052,C012,Persistent Systems,West,2024-02-05,2024-02,2024,Completed,550528.0,Net 30,1000,10,00
SO-4500053,5004500053,C006,Mphasis Solutions,South,2025-01-10,2025-01,2025,Completed,771945.0,Net 15,1000,10,00
SO-4500054,5004500054,C003,TCS Enterprises,West,2024-05-22,2024-05,2024,In Transit,180100.0,Net 45,1000,10,00
SO-4500055,5004500055,C016,Ratan IT Solutions,North,2025-03-11,2025-03,2025,Completed,513750.0,Net 45,1000,10,00
SO-4500056,5004500056,C008,Mindtree Technologies,South,2025-01-03,2025-01,2025,Completed,1612845.0,Net 30,1000,10,00
SO-4500057,5004500057,C017,Sigma Infotech,East,2024-06-25,2024-06,2024,Completed,940270.0,Net 15,1000,10,00
SO-4500058,5004500058,C016,Ratan IT Solutions,North,2024-05-21,2024-05,2024,Completed,672770.0,Net 45,1000,10,00
SO-4500059,5004500059,C018,BlueStar Systems,South,2024-05-29,2024-05,2024,Completed,1095600.0,Net 30,1000,10,00
SO-4500060,5004500060,C016,Ratan IT Solutions,North,2024-08-13,2024-08,2024,Completed,352000.0,Net 45,1000,10,00
SO-4500061,5004500061,C003,TCS Enterprises,West,2024-07-24,2024-07,2024,Completed,3384200.0,Net 45,1000,10,00
SO-4500062,5004500062,C015,KPIT Technologies,West,2024-08-14,2024-08,2024,Completed,3178030.0,Net 30,1000,10,00
SO-4500063,5004500063,C014,Mastech Digital,East,2024-08-18,2024-08,2024,Completed,880148.0,Net 15,1000,10,00
SO-4500064,5004500064,C004,HCL Systems Pvt Ltd,North,2024-10-05,2024-10,2024,Completed,225600.0,Net 30,1000,10,00
SO-4500065,5004500065,C020,Delta Software Pvt Ltd,East,2025-01-18,2025-01,2025,Delivered,1052752.0,Net 15,1000,10,00
SO-4500066,5004500066,C015,KPIT Technologies,West,2024-02-11,2024-02,2024,Completed,1188480.0,Net 30,1000,10,00
SO-4500067,5004500067,C016,Ratan IT Solutions,North,2024-09-22,2024-09,2024,Completed,363460.0,Net 45,1000,10,00
SO-4500068,5004500068,C011,NIIT Technologies,North,2024-12-09,2024-12,2024,Completed,163140.0,Net 30,1000,10,00
SO-4500069,5004500069,C002,Wipro Technologies,South,2024-08-20,2024-08,2024,Completed,2267340.0,Net 30,1000,10,00
SO-4500070,5004500070,C007,L&T Infotech,West,2024-09-22,2024-09,2024,Completed,1636460.0,Net 45,1000,10,00
SO-4500071,5004500071,C008,Mindtree Technologies,South,2024-12-29,2024-12,2024,Completed,1614880.0,Net 30,1000,10,00
SO-4500072,5004500072,C016,Ratan IT Solutions,North,2024-05-04,2024-05,2024,Completed,549000.0,Net 45,1000,10,00
SO-4500073,5004500073,C009,Hexaware Technologies,West,2025-01-30,2025-01,2025,Delivered,2209010.0,Net 30,1000,10,00
SO-4500074,5004500074,C016,Ratan IT Solutions,North,2024-06-25,2024-06,2024,Completed,1192010.0,Net 45,1000,10,00
SO-4500075,5004500075,C016,Ratan IT Solutions,North,2024-01-19,2024-01,2024,Completed,1792795.0,Net 45,1000,10,00
SO-4500076,5004500076,C003,TCS Enterprises,West,2025-03-12,2025-03,2025,Completed,1625200.0,Net 45,1000,10,00
SO-4500077,5004500077,C001,Infosys Limited,South,2024-01-24,2024-01,2024,Completed,627000.0,Net 30,1000,10,00
SO-4500078,5004500078,C014,Mastech Digital,East,2024-03-15,2024-03,2024,Completed,367832.0,Net 15,1000,10,00
SO-4500079,5004500079,C008,Mindtree Technologies,South,2024-08-24,2024-08,2024,Completed,1163000.0,Net 30,1000,10,00
SO-4500080,5004500080,C009,Hexaware Technologies,West,2024-08-21,2024-08,2024,Delivered,678960.0,Net 30,1000,10,00
SO-4500081,5004500081,C012,Persistent Systems,West,2024-10-21,2024-10,2024,Completed,431600.0,Net 30,1000,10,00
SO-4500082,5004500082,C008,Mindtree Technologies,South,2024-11-06,2024-11,2024,Delivered,266800.0,Net 30,1000,10,00
SO-4500083,5004500083,C015,KPIT Technologies,West,2024-01-18,2024-01,2024,Completed,1011560.0,Net 30,1000,10,00
SO-4500084,5004500084,C005,Tech Mahindra,West,2025-02-06,2025-02,2025,Completed,579440.0,Net 30,1000,10,00
SO-4500085,5004500085,C015,KPIT Technologies,West,2024-02-08,2024-02,2024,Completed,326500.0,Net 30,1000,10,00
SO-4500086,5004500086,C009,Hexaware Technologies,West,2024-10-01,2024-10,2024,Completed,320680.0,Net 30,1000,10,00
SO-4500087,5004500087,C018,BlueStar Systems,South,2024-06-16,2024-06,2024,In Transit,651080.0,Net 30,1000,10,00
SO-4500088,5004500088,C002,Wipro Technologies,South,2024-01-20,2024-01,2024,Completed,1688800.0,Net 30,1000,10,00
SO-4500089,5004500089,C004,HCL Systems Pvt Ltd,North,2025-03-02,2025-03,2025,Completed,1755200.0,Net 30,1000,10,00
SO-4500090,5004500090,C002,Wipro Technologies,South,2024-07-22,2024-07,2024,Completed,19110.0,Net 30,1000,10,00
SO-4500091,5004500091,C020,Delta Software Pvt Ltd,East,2024-01-11,2024-01,2024,Completed,517500.0,Net 15,1000,10,00
SO-4500092,5004500092,C011,NIIT Technologies,North,2025-01-31,2025-01,2025,Completed,601860.0,Net 30,1000,10,00
SO-4500093,5004500093,C006,Mphasis Solutions,South,2024-05-15,2024-05,2024,Completed,3544760.0,Net 15,1000,10,00
SO-4500094,5004500094,C020,Delta Software Pvt Ltd,East,2024-01-23,2024-01,2024,Completed,3023170.0,Net 15,1000,10,00
SO-4500095,5004500095,C003,TCS Enterprises,West,2024-03-05,2024-03,2024,Completed,1879870.0,Net 45,1000,10,00
SO-4500096,5004500096,C008,Mindtree Technologies,South,2024-07-30,2024-07,2024,Completed,822210.0,Net 30,1000,10,00
SO-4500097,5004500097,C003,TCS Enterprises,West,2024-02-17,2024-02,2024,Completed,936950.0,Net 45,1000,10,00
SO-4500098,5004500098,C012,Persistent Systems,West,2025-03-23,2025-03,2025,Completed,1323600.0,Net 30,1000,10,00
SO-4500099,5004500099,C012,Persistent Systems,West,2025-03-08,2025-03,2025,Completed,409640.0,Net 30,1000,10,00
SO-4500100,5004500100,C014,Mastech Digital,East,2025-03-08,2025-03,2025,Completed,1194190.0,Net 15,1000,10,00
SO-4500101,5004500101,C003,TCS Enterprises,West,2024-03-13,2024-03,2024,Completed,1132880.0,Net 45,1000,10,00
SO-4500102,5004500102,C013,Cyient Limited,South,2024-08-02,2024-08,2024,Completed,1194050.0,Net 30,1000,10,00
SO-4500103,5004500103,C002,Wipro Technologies,South,2024-03-20,2024-03,2024,Completed,2513308.0,Net 30,1000,10,00
SO-4500104,5004500104,C004,HCL Systems Pvt Ltd,North,2024-05-25,2024-05,2024,Completed,1755850.0,Net 30,1000,10,00
SO-4500105,5004500105,C011,NIIT Technologies,North,2024-03-02,2024-03,2024,Completed,952200.0,Net 30,1000,10,00
SO-4500106,5004500106,C015,KPIT Technologies,West,2024-02-09,2024-02,2024,Delivered,329531.0,Net 30,1000,10,00
SO-4500107,5004500107,C004,HCL Systems Pvt Ltd,North,2024-05-04,2024-05,2024,Completed,1497080.0,Net 30,1000,10,00
SO-4500108,5004500108,C017,Sigma Infotech,East,2024-04-09,2024-04,2024,In Transit,349000.0,Net 15,1000,10,00
SO-4500109,5004500109,C005,Tech Mahindra,West,2025-01-24,2025-01,2025,Delivered,206080.0,Net 30,1000,10,00
SO-4500110,5004500110,C019,Apex Digital Corp,North,2025-01-24,2025-01,2025,Completed,326717.0,Net 30,1000,10,00
SO-4500111,5004500111,C010,Zensar Technologies,West,2024-08-24,2024-08,2024,Completed,95000.0,Net 15,1000,10,00
SO-4500112,5004500112,C003,TCS Enterprises,West,2024-11-10,2024-11,2024,Completed,1696825.0,Net 45,1000,10,00
SO-4500113,5004500113,C002,Wipro Technologies,South,2024-08-18,2024-08,2024,Completed,1009880.0,Net 30,1000,10,00
SO-4500114,5004500114,C020,Delta Software Pvt Ltd,East,2024-03-22,2024-03,2024,Completed,488700.0,Net 15,1000,10,00
SO-4500115,5004500115,C018,BlueStar Systems,South,2024-12-13,2024-12,2024,Completed,213340.0,Net 30,1000,10,00
SO-4500116,5004500116,C005,Tech Mahindra,West,2024-10-31,2024-10,2024,Completed,910800.0,Net 30,1000,10,00
SO-4500117,5004500117,C011,NIIT Technologies,North,2025-02-20,2025-02,2025,Completed,1703626.0,Net 30,1000,10,00
SO-4500118,5004500118,C003,TCS Enterprises,West,2024-05-31,2024-05,2024,Delivered,777600.0,Net 45,1000,10,00
SO-4500119,5004500119,C002,Wipro Technologies,South,2024-12-04,2024-12,2024,Completed,1889700.0,Net 30,1000,10,00
SO-4500120,5004500120,C015,KPIT Technologies,West,2024-04-29,2024-04,2024,Completed,1661360.0,Net 30,1000,10,00
SO-4500121,5004500121,C017,Sigma Infotech,East,2024-08-02,2024-08,2024,Cancelled,463400.0,Net 15,1000,10,00
SO-4500122,5004500122,C018,BlueStar Systems,South,2024-02-22,2024-02,2024,Completed,2211660.0,Net 30,1000,10,00
SO-4500123,5004500123,C002,Wipro Technologies,South,2024-07-21,2024-07,2024,Completed,276280.0,Net 30,1000,10,00
SO-4500124,5004500124,C004,HCL Systems Pvt Ltd,North,2025-03-05,2025-03,2025,Completed,1424420.0,Net 30,1000,10,00
SO-4500125,5004500125,C001,Infosys Limited,South,2024-02-10,2024-02,2024,Completed,623000.0,Net 30,1000,10,00
SO-4500126,5004500126,C010,Zensar Technologies,West,2024-05-01,2024-05,2024,Completed,151200.0,Net 15,1000,10,00
SO-4500127,5004500127,C015,KPIT Technologies,West,2024-02-02,2024-02,2024,Completed,2038579.0,Net 30,1000,10,00
SO-4500128,5004500128,C008,Mindtree Technologies,South,2024-10-19,2024-10,2024,Completed,576000.0,Net 30,1000,10,00
SO-4500129,5004500129,C017,Sigma Infotech,East,2024-10-05,2024-10,2024,Completed,1886495.0,Net 15,1000,10,00
SO-4500130,5004500130,C011,NIIT Technologies,North,2024-03-09,2024-03,2024,Completed,423570.0,Net 30,1000,10,00
SO-4500131,5004500131,C010,Zensar Technologies,West,2024-09-20,2024-09,2024,Completed,2515500.0,Net 15,1000,10,00
SO-4500132,5004500132,C011,NIIT Technologies,North,2024-04-05,2024-04,2024,Completed,1502600.0,Net 30,1000,10,00
SO-4500133,5004500133,C004,HCL Systems Pvt Ltd,North,2024-02-10,2024-02,2024,Completed,383340.0,Net 30,1000,10,00
SO-4500134,5004500134,C020,Delta Software Pvt Ltd,East,2024-08-10,2024-08,2024,Completed,839800.0,Net 15,1000,10,00
SO-4500135,5004500135,C017,Sigma Infotech,East,2025-02-14,2025-02,2025,Completed,1379680.0,Net 15,1000,10,00
SO-4500136,5004500136,C003,TCS Enterprises,West,2024-04-30,2024-04,2024,Delivered,1381100.0,Net 45,1000,10,00
SO-4500137,5004500137,C003,TCS Enterprises,West,2024-10-20,2024-10,2024,Completed,468150.0,Net 45,1000,10,00
SO-4500138,5004500138,C013,Cyient Limited,South,2024-10-14,2024-10,2024,Completed,430120.0,Net 30,1000,10,00
SO-4500139,5004500139,C006,Mphasis Solutions,South,2024-12-31,2024-12,2024,Completed,90000.0,Net 15,1000,10,00
SO-4500140,5004500140,C018,BlueStar Systems,South,2024-10-04,2024-10,2024,Completed,296254.0,Net 30,1000,10,00
SO-4500141,5004500141,C016,Ratan IT Solutions,North,2024-01-14,2024-01,2024,Completed,790475.0,Net 45,1000,10,00
SO-4500142,5004500142,C011,NIIT Technologies,North,2024-11-24,2024-11,2024,Completed,549600.0,Net 30,1000,10,00
SO-4500143,5004500143,C006,Mphasis Solutions,South,2024-03-23,2024-03,2024,Completed,518360.0,Net 15,1000,10,00
SO-4500144,5004500144,C018,BlueStar Systems,South,2024-05-20,2024-05,2024,Completed,548522.0,Net 30,1000,10,00
SO-4500145,5004500145,C020,Delta Software Pvt Ltd,East,2025-01-03,2025-01,2025,In Transit,2004350.0,Net 15,1000,10,00
SO-4500146,5004500146,C014,Mastech Digital,East,2024-11-12,2024-11,2024,Completed,872100.0,Net 15,1000,10,00
SO-4500147,5004500147,C014,Mastech Digital,East,2024-09-04,2024-09,2024,Completed,481610.0,Net 15,1000,10,00
SO-4500148,5004500148,C018,BlueStar Systems,South,2024-02-24,2024-02,2024,Completed,852490.0,Net 30,1000,10,00
SO-4500149,5004500149,C006,Mphasis Solutions,South,2025-02-20,2025-02,2025,Completed,1736880.0,Net 15,1000,10,00
SO-4500150,5004500150,C019,Apex Digital Corp,North,2024-06-29,2024-06,2024,Completed,1212706.0,Net 30,1000,10,00
SO-4500151,5004500151,C012,Persistent Systems,West,2025-01-26,2025-01,2025,Completed,32400.0,Net 30,1000,10,00
SO-4500152,5004500152,C018,BlueStar Systems,South,2024-04-09,2024-04,2024,Completed,2023800.0,Net 30,1000,10,00
SO-4500153,5004500153,C005,Tech Mahindra,West,2024-02-19,2024-02,2024,Completed,678130.0,Net 30,1000,10,00
SO-4500154,5004500154,C002,Wipro Technologies,South,2024-01-20,2024-01,2024,Completed,1098030.0,Net 30,1000,10,00
SO-4500155,5004500155,C011,NIIT Technologies,North,2024-03-24,2024-03,2024,Completed,2281490.0,Net 30,1000,10,00
SO-4500156,5004500156,C001,Infosys Limited,South,2024-11-01,2024-11,2024,Completed,2003030.0,Net 30,1000,10,00
SO-4500157,5004500157,C015,KPIT Technologies,West,2024-06-09,2024-06,2024,Completed,1727772.0,Net 30,1000,10,00
SO-4500158,5004500158,C013,Cyient Limited,South,2024-06-09,2024-06,2024,Cancelled,380820.0,Net 30,1000,10,00
SO-4500159,5004500159,C008,Mindtree Technologies,South,2024-06-01,2024-06,2024,Delivered,918650.0,Net 30,1000,10,00
SO-4500160,5004500160,C010,Zensar Technologies,West,2024-03-03,2024-03,2024,Completed,967085.0,Net 15,1000,10,00
SO-4500161,5004500161,C009,Hexaware Technologies,West,2024-10-14,2024-10,2024,Completed,903660.0,Net 30,1000,10,00
SO-4500162,5004500162,C008,Mindtree Technologies,South,2024-11-22,2024-11,2024,Completed,42504.0,Net 30,1000,10,00
SO-4500163,5004500163,C004,HCL Systems Pvt Ltd,North,2024-12-14,2024-12,2024,Delivered,46920.0,Net 30,1000,10,00
SO-4500164,5004500164,C016,Ratan IT Solutions,North,2024-09-01,2024-09,2024,Completed,582850.0,Net 45,1000,10,00
SO-4500165,5004500165,C014,Mastech Digital,East,2025-03-27,2025-03,2025,Delivered,282240.0,Net 15,1000,10,00
SO-4500166,5004500166,C010,Zensar Technologies,West,2025-03-24,2025-03,2025,Completed,2015000.0,Net 15,1000,10,00
SO-4500167,5004500167,C017,Sigma Infotech,East,2024-08-27,2024-08,2024,Completed,41400.0,Net 15,1000,10,00
SO-4500168,5004500168,C009,Hexaware Technologies,West,2025-01-02,2025-01,2025,Completed,1089530.0,Net 30,1000,10,00
SO-4500169,5004500169,C003,TCS Enterprises,West,2024-07-24,2024-07,2024,Completed,351240.0,Net 45,1000,10,00
SO-4500170,5004500170,C013,Cyient Limited,South,2024-04-30,2024-04,2024,Completed,769085.0,Net 30,1000,10,00
SO-4500171,5004500171,C010,Zensar Technologies,West,2024-03-22,2024-03,2024,Completed,2579020.0,Net 15,1000,10,00
SO-4500172,5004500172,C018,BlueStar Systems,South,2025-02-14,2025-02,2025,Completed,1285880.0,Net 30,1000,10,00
SO-4500173,5004500173,C003,TCS Enterprises,West,2024-10-15,2024-10,2024,Completed,1870710.0,Net 45,1000,10,00
SO-4500174,5004500174,C002,Wipro Technologies,South,2024-08-20,2024-08,2024,Completed,296025.0,Net 30,1000,10,00
SO-4500175,5004500175,C002,Wipro Technologies,South,2024-08-04,2024-08,2024,Completed,17000.0,Net 30,1000,10,00
SO-4500176,5004500176,C016,Ratan IT Solutions,North,2024-01-17,2024-01,2024,Completed,367080.0,Net 45,1000,10,00
SO-4500177,5004500177,C013,Cyient Limited,South,2024-02-11,2024-02,2024,Completed,1066580.0,Net 30,1000,10,00
SO-4500178,5004500178,C013,Cyient Limited,South,2025-02-25,2025-02,2025,Completed,727360.0,Net 30,1000,10,00
SO-4500179,5004500179,C004,HCL Systems Pvt Ltd,North,2024-10-31,2024-10,2024,Completed,1008625.0,Net 30,1000,10,00
SO-4500180,5004500180,C019,Apex Digital Corp,North,2024-11-02,2024-11,2024,Delivered,1183420.0,Net 30,1000,10,00
SO-4500181,5004500181,C018,BlueStar Systems,South,2024-10-29,2024-10,2024,In Transit,161040.0,Net 30,1000,10,00
SO-4500182,5004500182,C017,Sigma Infotech,East,2024-06-12,2024-06,2024,Completed,1281280.0,Net 15,1000,10,00
SO-4500183,5004500183,C018,BlueStar Systems,South,2024-07-30,2024-07,2024,Cancelled,865960.0,Net 30,1000,10,00
SO-4500184,5004500184,C013,Cyient Limited,South,2024-12-10,2024-12,2024,Completed,428400.0,Net 30,1000,10,00
SO-4500185,5004500185,C018,BlueStar Systems,South,2024-04-21,2024-04,2024,Completed,2395960.0,Net 30,1000,10,00
SO-4500186,5004500186,C013,Cyient Limited,South,2024-05-02,2024-05,2024,Completed,393715.0,Net 30,1000,10,00
SO-4500187,5004500187,C015,KPIT Technologies,West,2024-02-20,2024-02,2024,Delivered,1024420.0,Net 30,1000,10,00
SO-4500188,5004500188,C019,Apex Digital Corp,North,2024-10-23,2024-10,2024,Completed,1151980.0,Net 30,1000,10,00
SO-4500189,5004500189,C011,NIIT Technologies,North,2024-05-11,2024-05,2024,Delivered,506100.0,Net 30,1000,10,00
SO-4500190,5004500190,C002,Wipro Technologies,South,2025-03-05,2025-03,2025,Delivered,987840.0,Net 30,1000,10,00
SO-4500191,5004500191,C008,Mindtree Technologies,South,2024-02-04,2024-02,2024,Completed,703800.0,Net 30,1000,10,00
SO-4500192,5004500192,C012,Persistent Systems,West,2024-01-31,2024-01,2024,Completed,1416304.0,Net 30,1000,10,00
SO-4500193,5004500193,C004,HCL Systems Pvt Ltd,North,2024-02-19,2024-02,2024,Completed,782190.0,Net 30,1000,10,00
SO-4500194,5004500194,C003,TCS Enterprises,West,2024-07-10,2024-07,2024,Cancelled,1010652.0,Net 45,1000,10,00
SO-4500195,5004500195,C002,Wipro Technologies,South,2024-11-22,2024-11,2024,Completed,1892400.0,Net 30,1000,10,00
SO-4500196,5004500196,C017,Sigma Infotech,East,2024-01-22,2024-01,2024,Completed,2274220.0,Net 15,1000,10,00
SO-4500197,5004500197,C003,TCS Enterprises,West,2024-06-02,2024-06,2024,Completed,323370.0,Net 45,1000,10,00
SO-4500198,5004500198,C003,TCS Enterprises,West,2024-09-13,2024-09,2024,Completed,1884200.0,Net 45,1000,10,00
SO-4500199,5004500199,C013,Cyient Limited,South,2025-01-31,2025-01,2025,Completed,756920.0,Net 30,1000,10,00
SO-4500200,5004500200,C013,Cyient Limited,South,2024-02-13,2024-02,2024,Delivered,1040085.0,Net 30,1000,10,00
SO-4500201,5004500201,C012,Persistent Systems,West,2024-02-24,2024-02,2024,Completed,336770.0,Net 30,1000,10,00
SO-4500202,5004500202,C018,BlueStar Systems,South,2024-10-11,2024-10,2024,Completed,205200.0,Net 30,1000,10,00
SO-4500203,5004500203,C018,BlueStar Systems,South,2024-02-17,2024-02,2024,Completed,822240.0,Net 30,1000,10,00
SO-4500204,5004500204,C017,Sigma Infotech,East,2024-03-27,2024-03,2024,Completed,610960.0,Net 15,1000,10,00
SO-4500205,5004500205,C003,TCS Enterprises,West,2024-03-26,2024-03,2024,Completed,2709200.0,Net 45,1000,10,00
SO-4500206,5004500206,C005,Tech Mahindra,West,2024-06-04,2024-06,2024,Completed,596000.0,Net 30,1000,10,00
SO-4500207,5004500207,C016,Ratan IT Solutions,North,2024-06-09,2024-06,2024,Completed,1378740.0,Net 45,1000,10,00
SO-4500208,5004500208,C019,Apex Digital Corp,North,2024-10-06,2024-10,2024,Completed,1498550.0,Net 30,1000,10,00
SO-4500209,5004500209,C003,TCS Enterprises,West,2024-08-17,2024-08,2024,Cancelled,385200.0,Net 45,1000,10,00
SO-4500210,5004500210,C008,Mindtree Technologies,South,2024-12-02,2024-12,2024,Completed,933616.0,Net 30,1000,10,00
SO-4500211,5004500211,C004,HCL Systems Pvt Ltd,North,2024-01-06,2024-01,2024,Completed,855804.0,Net 30,1000,10,00
SO-4500212,5004500212,C015,KPIT Technologies,West,2024-07-10,2024-07,2024,Completed,1958680.0,Net 30,1000,10,00
SO-4500213,5004500213,C007,L&T Infotech,West,2024-09-23,2024-09,2024,Completed,372525.0,Net 45,1000,10,00
SO-4500214,5004500214,C008,Mindtree Technologies,South,2024-09-21,2024-09,2024,Completed,159160.0,Net 30,1000,10,00
SO-4500215,5004500215,C006,Mphasis Solutions,South,2024-04-05,2024-04,2024,Completed,1617840.0,Net 15,1000,10,00
SO-4500216,5004500216,C019,Apex Digital Corp,North,2024-02-22,2024-02,2024,Delivered,866800.0,Net 30,1000,10,00
SO-4500217,5004500217,C004,HCL Systems Pvt Ltd,North,2024-06-27,2024-06,2024,Completed,1012430.0,Net 30,1000,10,00
SO-4500218,5004500218,C005,Tech Mahindra,West,2024-09-18,2024-09,2024,Completed,653220.0,Net 30,1000,10,00
SO-4500219,5004500219,C015,KPIT Technologies,West,2024-11-13,2024-11,2024,Completed,1718240.0,Net 30,1000,10,00
SO-4500220,5004500220,C016,Ratan IT Solutions,North,2024-07-31,2024-07,2024,Completed,1617000.0,Net 45,1000,10,00
SO-4500221,5004500221,C015,KPIT Technologies,West,2024-10-16,2024-10,2024,Completed,871098.0,Net 30,1000,10,00
SO-4500222,5004500222,C014,Mastech Digital,East,2024-02-22,2024-02,2024,Completed,1803750.0,Net 15,1000,10,00
SO-4500223,5004500223,C015,KPIT Technologies,West,2025-03-19,2025-03,2025,Cancelled,561460.0,Net 30,1000,10,00
SO-4500224,5004500224,C020,Delta Software Pvt Ltd,East,2024-03-12,2024-03,2024,Delivered,962550.0,Net 15,1000,10,00
SO-4500225,5004500225,C018,BlueStar Systems,South,2024-03-27,2024-03,2024,Completed,1002100.0,Net 30,1000,10,00
SO-4500226,5004500226,C005,Tech Mahindra,West,2024-12-25,2024-12,2024,Delivered,323680.0,Net 30,1000,10,00
SO-4500227,5004500227,C019,Apex Digital Corp,North,2024-11-19,2024-11,2024,Completed,1288725.0,Net 30,1000,10,00
SO-4500228,5004500228,C001,Infosys Limited,South,2025-03-20,2025-03,2025,Delivered,78000.0,Net 30,1000,10,00
SO-4500229,5004500229,C018,BlueStar Systems,South,2024-07-22,2024-07,2024,Completed,1482900.0,Net 30,1000,10,00
SO-4500230,5004500230,C002,Wipro Technologies,South,2024-01-24,2024-01,2024,Completed,2747630.0,Net 30,1000,10,00
SO-4500231,5004500231,C003,TCS Enterprises,West,2024-12-01,2024-12,2024,Completed,57000.0,Net 45,1000,10,00
SO-4500232,5004500232,C013,Cyient Limited,South,2024-11-16,2024-11,2024,Completed,454720.0,Net 30,1000,10,00
SO-4500233,5004500233,C003,TCS Enterprises,West,2024-03-08,2024-03,2024,Completed,1737360.0,Net 45,1000,10,00
SO-4500234,5004500234,C012,Persistent Systems,West,2025-03-27,2025-03,2025,Completed,1912600.0,Net 30,1000,10,00
SO-4500235,5004500235,C014,Mastech Digital,East,2024-11-11,2024-11,2024,Completed,2332720.0,Net 15,1000,10,00
SO-4500236,5004500236,C012,Persistent Systems,West,2024-08-07,2024-08,2024,Completed,391680.0,Net 30,1000,10,00
SO-4500237,5004500237,C020,Delta Software Pvt Ltd,East,2025-01-04,2025-01,2025,Completed,346500.0,Net 15,1000,10,00
SO-4500238,5004500238,C020,Delta Software Pvt Ltd,East,2024-09-17,2024-09,2024,Completed,2464600.0,Net 15,1000,10,00
SO-4500239,5004500239,C012,Persistent Systems,West,2024-06-11,2024-06,2024,Completed,394855.0,Net 30,1000,10,00
SO-4500240,5004500240,C017,Sigma Infotech,East,2024-05-26,2024-05,2024,Completed,969040.0,Net 15,1000,10,00
SO-4500241,5004500241,C019,Apex Digital Corp,North,2024-11-20,2024-11,2024,Delivered,754600.0,Net 30,1000,10,00
SO-4500242,5004500242,C002,Wipro Technologies,South,2024-05-05,2024-05,2024,Completed,1609670.0,Net 30,1000,10,00
SO-4500243,5004500243,C017,Sigma Infotech,East,2024-09-21,2024-09,2024,Delivered,507425.0,Net 15,1000,10,00
SO-4500244,5004500244,C017,Sigma Infotech,East,2024-02-02,2024-02,2024,Completed,1782300.0,Net 15,1000,10,00
SO-4500245,5004500245,C008,Mindtree Technologies,South,2025-01-14,2025-01,2025,Completed,576000.0,Net 30,1000,10,00
SO-4500246,5004500246,C016,Ratan IT Solutions,North,2024-07-05,2024-07,2024,Completed,877840.0,Net 45,1000,10,00
SO-4500247,5004500247,C008,Mindtree Technologies,South,2024-08-01,2024-08,2024,In Transit,280880.0,Net 30,1000,10,00
SO-4500248,5004500248,C002,Wipro Technologies,South,2024-07-24,2024-07,2024,Completed,2192065.0,Net 30,1000,10,00
SO-4500249,5004500249,C020,Delta Software Pvt Ltd,East,2024-05-04,2024-05,2024,Completed,274450.0,Net 15,1000,10,00
SO-4500250,5004500250,C010,Zensar Technologies,West,2024-02-23,2024-02,2024,Completed,476232.0,Net 15,1000,10,00
SO-4500251,5004500251,C002,Wipro Technologies,South,2024-04-28,2024-04,2024,In Transit,988342.0,Net 30,1000,10,00
SO-4500252,5004500252,C010,Zensar Technologies,West,2024-05-13,2024-05,2024,Delivered,322312.0,Net 15,1000,10,00
SO-4500253,5004500253,C006,Mphasis Solutions,South,2024-08-18,2024-08,2024,Completed,2040125.0,Net 15,1000,10,00
SO-4500254,5004500254,C020,Delta Software Pvt Ltd,East,2024-01-21,2024-01,2024,Completed,1579120.0,Net 15,1000,10,00
SO-4500255,5004500255,C006,Mphasis Solutions,South,2024-01-16,2024-01,2024,Cancelled,1054260.0,Net 15,1000,10,00
SO-4500256,5004500256,C007,L&T Infotech,West,2025-02-25,2025-02,2025,Completed,99275.0,Net 45,1000,10,00
SO-4500257,5004500257,C003,TCS Enterprises,West,2024-01-12,2024-01,2024,Cancelled,130525.0,Net 45,1000,10,00
SO-4500258,5004500258,C015,KPIT Technologies,West,2024-01-26,2024-01,2024,Completed,1189364.0,Net 30,1000,10,00
SO-4500259,5004500259,C020,Delta Software Pvt Ltd,East,2024-11-13,2024-11,2024,Completed,952260.0,Net 15,1000,10,00
SO-4500260,5004500260,C014,Mastech Digital,East,2024-04-12,2024-04,2024,Completed,1799150.0,Net 15,1000,10,00
SO-4500261,5004500261,C001,Infosys Limited,South,2024-06-12,2024-06,2024,Completed,40480.0,Net 30,1000,10,00
SO-4500262,5004500262,C017,Sigma Infotech,East,2024-07-02,2024-07,2024,Delivered,1033160.0,Net 15,1000,10,00
SO-4500263,5004500263,C002,Wipro Technologies,South,2025-01-26,2025-01,2025,Cancelled,170520.0,Net 30,1000,10,00
SO-4500264,5004500264,C019,Apex Digital Corp,North,2024-06-11,2024-06,2024,Delivered,479230.0,Net 30,1000,10,00
SO-4500265,5004500265,C018,BlueStar Systems,South,2024-06-07,2024-06,2024,Completed,133280.0,Net 30,1000,10,00
SO-4500266,5004500266,C020,Delta Software Pvt Ltd,East,2024-04-22,2024-04,2024,Completed,1424120.0,Net 15,1000,10,00
SO-4500267,5004500267,C004,HCL Systems Pvt Ltd,North,2025-03-09,2025-03,2025,Completed,1585315.0,Net 30,1000,10,00
SO-4500268,5004500268,C006,Mphasis Solutions,South,2025-01-09,2025-01,2025,In Transit,258580.0,Net 15,1000,10,00
SO-4500269,5004500269,C001,Infosys Limited,South,2024-12-25,2024-12,2024,In Transit,2024820.0,Net 30,1000,10,00
SO-4500270,5004500270,C008,Mindtree Technologies,South,2024-06-26,2024-06,2024,Cancelled,1086150.0,Net 30,1000,10,00
SO-4500271,5004500271,C008,Mindtree Technologies,South,2024-12-20,2024-12,2024,Completed,3446080.0,Net 30,1000,10,00
SO-4500272,5004500272,C013,Cyient Limited,South,2024-06-28,2024-06,2024,Completed,968240.0,Net 30,1000,10,00
SO-4500273,5004500273,C006,Mphasis Solutions,South,2024-08-19,2024-08,2024,Completed,52250.0,Net 15,1000,10,00
SO-4500274,5004500274,C009,Hexaware Technologies,West,2024-02-23,2024-02,2024,Completed,88500.0,Net 30,1000,10,00
SO-4500275,5004500275,C020,Delta Software Pvt Ltd,East,2024-11-10,2024-11,2024,In Transit,22680.0,Net 15,1000,10,00
SO-4500276,5004500276,C014,Mastech Digital,East,2024-03-21,2024-03,2024,Completed,806070.0,Net 15,1000,10,00
SO-4500277,5004500277,C004,HCL Systems Pvt Ltd,North,2024-01-26,2024-01,2024,Completed,2844720.0,Net 30,1000,10,00
SO-4500278,5004500278,C010,Zensar Technologies,West,2024-02-11,2024-02,2024,Completed,657800.0,Net 15,1000,10,00
SO-4500279,5004500279,C016,Ratan IT Solutions,North,2024-12-04,2024-12,2024,Completed,362954.0,Net 45,1000,10,00
SO-4500280,5004500280,C002,Wipro Technologies,South,2024-03-18,2024-03,2024,Delivered,734400.0,Net 30,1000,10,00
SO-4500281,5004500281,C014,Mastech Digital,East,2025-01-22,2025-01,2025,Completed,2885540.0,Net 15,1000,10,00
SO-4500282,5004500282,C019,Apex Digital Corp,North,2024-12-12,2024-12,2024,Cancelled,714910.0,Net 30,1000,10,00
SO-4500283,5004500283,C005,Tech Mahindra,West,2024-01-22,2024-01,2024,Completed,798375.0,Net 30,1000,10,00
SO-4500284,5004500284,C017,Sigma Infotech,East,2024-08-22,2024-08,2024,In Transit,71820.0,Net 15,1000,10,00
SO-4500285,5004500285,C014,Mastech Digital,East,2024-02-27,2024-02,2024,Completed,119620.0,Net 15,1000,10,00
SO-4500286,5004500286,C004,HCL Systems Pvt Ltd,North,2025-02-06,2025-02,2025,Completed,1520370.0,Net 30,1000,10,00
SO-4500287,5004500287,C013,Cyient Limited,South,2024-01-20,2024-01,2024,Completed,677350.0,Net 30,1000,10,00
SO-4500288,5004500288,C009,Hexaware Technologies,West,2025-03-07,2025-03,2025,Completed,57000.0,Net 30,1000,10,00
SO-4500289,5004500289,C015,KPIT Technologies,West,2025-01-31,2025-01,2025,Delivered,1664330.0,Net 30,1000,10,00
SO-4500290,5004500290,C002,Wipro Technologies,South,2024-09-20,2024-09,2024,Delivered,860200.0,Net 30,1000,10,00
SO-4500291,5004500291,C005,Tech Mahindra,West,2025-02-03,2025-02,2025,Delivered,2535375.0,Net 30,1000,10,00
SO-4500292,5004500292,C013,Cyient Limited,South,2024-11-21,2024-11,2024,In Transit,132480.0,Net 30,1000,10,00
SO-4500293,5004500293,C020,Delta Software Pvt Ltd,East,2024-08-16,2024-08,2024,Completed,72547.0,Net 15,1000,10,00
SO-4500294,5004500294,C019,Apex Digital Corp,North,2025-02-03,2025-02,2025,Cancelled,864360.0,Net 30,1000,10,00
SO-4500295,5004500295,C001,Infosys Limited,South,2024-08-30,2024-08,2024,In Transit,1399920.0,Net 30,1000,10,00
SO-4500296,5004500296,C009,Hexaware Technologies,West,2024-08-04,2024-08,2024,In Transit,955725.0,Net 30,1000,10,00
SO-4500297,5004500297,C004,HCL Systems Pvt Ltd,North,2024-01-04,2024-01,2024,Completed,235055.0,Net 30,1000,10,00
SO-4500298,5004500298,C009,Hexaware Technologies,West,2024-05-13,2024-05,2024,Completed,1392640.0,Net 30,1000,10,00
SO-4500299,5004500299,C001,Infosys Limited,South,2024-12-01,2024-12,2024,Completed,477520.0,Net 30,1000,10,00
SO-4500300,5004500300,C008,Mindtree Technologies,South,2024-12-17,2024-12,2024,Completed,1623380.0,Net 30,1000,10,00
SO-4500301,5004500301,C006,Mphasis Solutions,South,2024-12-14,2024-12,2024,In Transit,141120.0,Net 15,1000,10,00
SO-4500302,5004500302,C010,Zensar Technologies,West,2024-08-03,2024-08,2024,Delivered,1435000.0,Net 15,1000,10,00
SO-4500303,5004500303,C020,Delta Software Pvt Ltd,East,2024-02-06,2024-02,2024,Completed,1610400.0,Net 15,1000,10,00
SO-4500304,5004500304,C002,Wipro Technologies,South,2025-03-21,2025-03,2025,Delivered,677250.0,Net 30,1000,10,00
SO-4500305,5004500305,C011,NIIT Technologies,North,2025-03-17,2025-03,2025,Completed,560560.0,Net 30,1000,10,00
SO-4500306,5004500306,C011,NIIT Technologies,North,2024-11-20,2024-11,2024,Completed,836480.0,Net 30,1000,10,00
SO-4500307,5004500307,C016,Ratan IT Solutions,North,2024-07-15,2024-07,2024,Completed,1026920.0,Net 45,1000,10,00
SO-4500308,5004500308,C019,Apex Digital Corp,North,2024-06-05,2024-06,2024,Completed,506000.0,Net 30,1000,10,00
SO-4500309,5004500309,C017,Sigma Infotech,East,2024-11-01,2024-11,2024,Completed,743810.0,Net 15,1000,10,00
SO-4500310,5004500310,C001,Infosys Limited,South,2024-10-28,2024-10,2024,Completed,17480.0,Net 30,1000,10,00
SO-4500311,5004500311,C009,Hexaware Technologies,West,2025-01-29,2025-01,2025,Completed,8400.0,Net 30,1000,10,00
SO-4500312,5004500312,C001,Infosys Limited,South,2024-01-25,2024-01,2024,Completed,1355920.0,Net 30,1000,10,00
SO-4500313,5004500313,C009,Hexaware Technologies,West,2024-11-14,2024-11,2024,Completed,497460.0,Net 30,1000,10,00
SO-4500314,5004500314,C004,HCL Systems Pvt Ltd,North,2025-02-05,2025-02,2025,Completed,333270.0,Net 30,1000,10,00
SO-4500315,5004500315,C014,Mastech Digital,East,2024-05-31,2024-05,2024,Completed,501916.0,Net 15,1000,10,00
SO-4500316,5004500316,C004,HCL Systems Pvt Ltd,North,2024-05-11,2024-05,2024,Completed,1521500.0,Net 30,1000,10,00
SO-4500317,5004500317,C004,HCL Systems Pvt Ltd,North,2025-03-11,2025-03,2025,Delivered,352800.0,Net 30,1000,10,00
SO-4500318,5004500318,C011,NIIT Technologies,North,2024-07-02,2024-07,2024,In Transit,1167300.0,Net 30,1000,10,00
SO-4500319,5004500319,C005,Tech Mahindra,West,2024-12-22,2024-12,2024,Completed,2066136.0,Net 30,1000,10,00
SO-4500320,5004500320,C006,Mphasis Solutions,South,2024-11-08,2024-11,2024,Completed,746784.0,Net 15,1000,10,00
SO-4500321,5004500321,C003,TCS Enterprises,West,2024-05-13,2024-05,2024,Completed,820800.0,Net 45,1000,10,00
SO-4500322,5004500322,C008,Mindtree Technologies,South,2024-12-08,2024-12,2024,In Transit,1951960.0,Net 30,1000,10,00
SO-4500323,5004500323,C016,Ratan IT Solutions,North,2025-03-21,2025-03,2025,Completed,326132.0,Net 45,1000,10,00
SO-4500324,5004500324,C015,KPIT Technologies,West,2024-08-15,2024-08,2024,Delivered,393480.0,Net 30,1000,10,00
SO-4500325,5004500325,C018,BlueStar Systems,South,2024-01-01,2024-01,2024,Delivered,1684290.0,Net 30,1000,10,00
SO-4500326,5004500326,C012,Persistent Systems,West,2025-01-01,2025-01,2025,Completed,11400.0,Net 30,1000,10,00
SO-4500327,5004500327,C012,Persistent Systems,West,2025-02-28,2025-02,2025,Completed,342660.0,Net 30,1000,10,00
SO-4500328,5004500328,C004,HCL Systems Pvt Ltd,North,2024-05-10,2024-05,2024,Completed,853860.0,Net 30,1000,10,00
SO-4500329,5004500329,C004,HCL Systems Pvt Ltd,North,2025-01-22,2025-01,2025,Completed,3331100.0,Net 30,1000,10,00
SO-4500330,5004500330,C019,Apex Digital Corp,North,2024-03-29,2024-03,2024,Completed,2230200.0,Net 30,1000,10,00
SO-4500331,5004500331,C013,Cyient Limited,South,2024-08-02,2024-08,2024,Cancelled,494500.0,Net 30,1000,10,00
SO-4500332,5004500332,C005,Tech Mahindra,West,2024-07-30,2024-07,2024,Completed,1680500.0,Net 30,1000,10,00
SO-4500333,5004500333,C012,Persistent Systems,West,2024-10-14,2024-10,2024,Completed,997492.0,Net 30,1000,10,00
SO-4500334,5004500334,C010,Zensar Technologies,West,2024-12-15,2024-12,2024,Completed,346500.0,Net 15,1000,10,00
SO-4500335,5004500335,C002,Wipro Technologies,South,2024-07-02,2024-07,2024,Delivered,74088.0,Net 30,1000,10,00
SO-4500336,5004500336,C018,BlueStar Systems,South,2024-07-18,2024-07,2024,Completed,1459725.0,Net 30,1000,10,00
SO-4500337,5004500337,C007,L&T Infotech,West,2024-11-13,2024-11,2024,Delivered,487440.0,Net 45,1000,10,00
SO-4500338,5004500338,C004,HCL Systems Pvt Ltd,North,2024-07-12,2024-07,2024,Completed,527260.0,Net 30,1000,10,00
SO-4500339,5004500339,C005,Tech Mahindra,West,2024-01-21,2024-01,2024,Completed,1670730.0,Net 30,1000,10,00
SO-4500340,5004500340,C017,Sigma Infotech,East,2024-04-22,2024-04,2024,Cancelled,877700.0,Net 15,1000,10,00
SO-4500341,5004500341,C017,Sigma Infotech,East,2024-08-31,2024-08,2024,Cancelled,1258560.0,Net 15,1000,10,00
SO-4500342,5004500342,C008,Mindtree Technologies,South,2024-11-24,2024-11,2024,Completed,3585810.0,Net 30,1000,10,00
SO-4500343,5004500343,C016,Ratan IT Solutions,North,2024-01-23,2024-01,2024,Completed,281700.0,Net 45,1000,10,00
SO-4500344,5004500344,C018,BlueStar Systems,South,2024-01-04,2024-01,2024,Completed,245952.0,Net 30,1000,10,00
SO-4500345,5004500345,C003,TCS Enterprises,West,2025-01-17,2025-01,2025,Completed,71500.0,Net 45,1000,10,00
SO-4500346,5004500346,C003,TCS Enterprises,West,2024-02-07,2024-02,2024,Completed,1027180.0,Net 45,1000,10,00
SO-4500347,5004500347,C011,NIIT Technologies,North,2024-01-09,2024-01,2024,Completed,7650.0,Net 30,1000,10,00
SO-4500348,5004500348,C003,TCS Enterprises,West,2025-01-22,2025-01,2025,Completed,734400.0,Net 45,1000,10,00
SO-4500349,5004500349,C004,HCL Systems Pvt Ltd,North,2024-05-28,2024-05,2024,Delivered,1804360.0,Net 30,1000,10,00
SO-4500350,5004500350,C018,BlueStar Systems,South,2024-04-22,2024-04,2024,Completed,1144000.0,Net 30,1000,10,00
SO-4500351,5004500351,C019,Apex Digital Corp,North,2024-11-01,2024-11,2024,Completed,1630900.0,Net 30,1000,10,00
SO-4500352,5004500352,C006,Mphasis Solutions,South,2024-12-09,2024-12,2024,Delivered,114750.0,Net 15,1000,10,00
SO-4500353,5004500353,C003,TCS Enterprises,West,2024-05-28,2024-05,2024,Completed,1609400.0,Net 45,1000,10,00
SO-4500354,5004500354,C020,Delta Software Pvt Ltd,East,2024-02-05,2024-02,2024,In Transit,1237280.0,Net 15,1000,10,00
SO-4500355,5004500355,C012,Persistent Systems,West,2025-02-17,2025-02,2025,Completed,930905.0,Net 30,1000,10,00
SO-4500356,5004500356,C015,KPIT Technologies,West,2024-07-02,2024-07,2024,Delivered,2415930.0,Net 30,1000,10,00
SO-4500357,5004500357,C017,Sigma Infotech,East,2024-11-19,2024-11,2024,Completed,1695740.0,Net 15,1000,10,00
SO-4500358,5004500358,C015,KPIT Technologies,West,2024-09-13,2024-09,2024,Completed,2109080.0,Net 30,1000,10,00
SO-4500359,5004500359,C019,Apex Digital Corp,North,2024-12-03,2024-12,2024,In Transit,250880.0,Net 30,1000,10,00
SO-4500360,5004500360,C003,TCS Enterprises,West,2024-05-15,2024-05,2024,Completed,726750.0,Net 45,1000,10,00
SO-4500361,5004500361,C013,Cyient Limited,South,2024-08-28,2024-08,2024,In Transit,935000.0,Net 30,1000,10,00
SO-4500362,5004500362,C017,Sigma Infotech,East,2024-11-20,2024-11,2024,Delivered,195380.0,Net 15,1000,10,00
SO-4500363,5004500363,C009,Hexaware Technologies,West,2024-07-11,2024-07,2024,Cancelled,812160.0,Net 30,1000,10,00
SO-4500364,5004500364,C020,Delta Software Pvt Ltd,East,2024-01-04,2024-01,2024,Completed,278100.0,Net 15,1000,10,00
SO-4500365,5004500365,C007,L&T Infotech,West,2024-03-17,2024-03,2024,Completed,652020.0,Net 45,1000,10,00
SO-4500366,5004500366,C007,L&T Infotech,West,2024-10-29,2024-10,2024,Completed,3268120.0,Net 45,1000,10,00
SO-4500367,5004500367,C002,Wipro Technologies,South,2024-03-26,2024-03,2024,Completed,881100.0,Net 30,1000,10,00
SO-4500368,5004500368,C003,TCS Enterprises,West,2024-04-20,2024-04,2024,Completed,1532924.0,Net 45,1000,10,00
SO-4500369,5004500369,C011,NIIT Technologies,North,2024-08-20,2024-08,2024,Completed,143520.0,Net 30,1000,10,00
SO-4500370,5004500370,C005,Tech Mahindra,West,2024-02-25,2024-02,2024,Completed,1904320.0,Net 30,1000,10,00
SO-4500371,5004500371,C020,Delta Software Pvt Ltd,East,2024-10-03,2024-10,2024,Delivered,2352457.0,Net 15,1000,10,00
SO-4500372,5004500372,C004,HCL Systems Pvt Ltd,North,2024-08-05,2024-08,2024,Completed,1129460.0,Net 30,1000,10,00
SO-4500373,5004500373,C001,Infosys Limited,South,2024-07-11,2024-07,2024,Completed,1114195.0,Net 30,1000,10,00
SO-4500374,5004500374,C014,Mastech Digital,East,2024-10-16,2024-10,2024,Completed,1042560.0,Net 15,1000,10,00
SO-4500375,5004500375,C018,BlueStar Systems,South,2024-09-04,2024-09,2024,Completed,205420.0,Net 30,1000,10,00
SO-4500376,5004500376,C007,L&T Infotech,West,2024-09-17,2024-09,2024,Completed,562000.0,Net 45,1000,10,00
SO-4500377,5004500377,C014,Mastech Digital,East,2024-02-15,2024-02,2024,Completed,1003280.0,Net 15,1000,10,00
SO-4500378,5004500378,C020,Delta Software Pvt Ltd,East,2024-12-01,2024-12,2024,Completed,1384150.0,Net 15,1000,10,00
SO-4500379,5004500379,C006,Mphasis Solutions,South,2024-12-11,2024-12,2024,Completed,378100.0,Net 15,1000,10,00
SO-4500380,5004500380,C013,Cyient Limited,South,2024-07-26,2024-07,2024,Completed,1998345.0,Net 30,1000,10,00
SO-4500381,5004500381,C006,Mphasis Solutions,South,2024-07-27,2024-07,2024,Completed,4206470.0,Net 15,1000,10,00
SO-4500382,5004500382,C011,NIIT Technologies,North,2025-02-01,2025-02,2025,Completed,2878180.0,Net 30,1000,10,00
SO-4500383,5004500383,C017,Sigma Infotech,East,2024-10-01,2024-10,2024,Completed,672060.0,Net 15,1000,10,00
SO-4500384,5004500384,C011,NIIT Technologies,North,2024-06-30,2024-06,2024,Completed,1123120.0,Net 30,1000,10,00
SO-4500385,5004500385,C004,HCL Systems Pvt Ltd,North,2024-03-02,2024-03,2024,In Transit,2258040.0,Net 30,1000,10,00
SO-4500386,5004500386,C006,Mphasis Solutions,South,2025-01-26,2025-01,2025,In Transit,690960.0,Net 15,1000,10,00
SO-4500387,5004500387,C017,Sigma Infotech,East,2024-06-26,2024-06,2024,Completed,1355660.0,Net 15,1000,10,00
SO-4500388,5004500388,C001,Infosys Limited,South,2024-12-11,2024-12,2024,Completed,2450380.0,Net 30,1000,10,00
SO-4500389,5004500389,C014,Mastech Digital,East,2024-04-17,2024-04,2024,Completed,884450.0,Net 15,1000,10,00
SO-4500390,5004500390,C004,HCL Systems Pvt Ltd,North,2025-01-04,2025-01,2025,Completed,128870.0,Net 30,1000,10,00
SO-4500391,5004500391,C016,Ratan IT Solutions,North,2025-02-16,2025-02,2025,Completed,2026700.0,Net 45,1000,10,00
SO-4500392,5004500392,C006,Mphasis Solutions,South,2024-01-31,2024-01,2024,Completed,1948300.0,Net 15,1000,10,00
SO-4500393,5004500393,C009,Hexaware Technologies,West,2024-06-25,2024-06,2024,Completed,186200.0,Net 30,1000,10,00
SO-4500394,5004500394,C019,Apex Digital Corp,North,2024-10-21,2024-10,2024,Completed,1503890.0,Net 30,1000,10,00
SO-4500395,5004500395,C020,Delta Software Pvt Ltd,East,2024-10-19,2024-10,2024,Completed,387600.0,Net 15,1000,10,00
SO-4500396,5004500396,C008,Mindtree Technologies,South,2024-06-09,2024-06,2024,Completed,679260.0,Net 30,1000,10,00
SO-4500397,5004500397,C006,Mphasis Solutions,South,2024-04-04,2024-04,2024,Delivered,156720.0,Net 15,1000,10,00
SO-4500398,5004500398,C004,HCL Systems Pvt Ltd,North,2024-02-18,2024-02,2024,Completed,1928380.0,Net 30,1000,10,00
SO-4500399,5004500399,C010,Zensar Technologies,West,2024-04-27,2024-04,2024,Completed,198990.0,Net 15,1000,10,00
SO-4500400,5004500400,C016,Ratan IT Solutions,North,2024-08-27,2024-08,2024,Cancelled,1206210.0,Net 45,1000,10,00
SO-4500401,5004500401,C018,BlueStar Systems,South,2024-04-26,2024-04,2024,Delivered,591522.0,Net 30,1000,10,00
SO-4500402,5004500402,C016,Ratan IT Solutions,North,2024-09-30,2024-09,2024,Completed,2166248.0,Net 45,1000,10,00
SO-4500403,5004500403,C018,BlueStar Systems,South,2024-08-11,2024-08,2024,Completed,148392.0,Net 30,1000,10,00
SO-4500404,5004500404,C008,Mindtree Technologies,South,2024-09-21,2024-09,2024,Delivered,678950.0,Net 30,1000,10,00
SO-4500405,5004500405,C020,Delta Software Pvt Ltd,East,2024-09-08,2024-09,2024,Completed,50400.0,Net 15,1000,10,00
SO-4500406,5004500406,C001,Infosys Limited,South,2024-04-05,2024-04,2024,Cancelled,109860.0,Net 30,1000,10,00
SO-4500407,5004500407,C007,L&T Infotech,West,2024-06-24,2024-06,2024,Completed,1269480.0,Net 45,1000,10,00
SO-4500408,5004500408,C006,Mphasis Solutions,South,2024-04-08,2024-04,2024,In Transit,1414320.0,Net 15,1000,10,00
SO-4500409,5004500409,C015,KPIT Technologies,West,2025-01-11,2025-01,2025,Delivered,2066675.0,Net 30,1000,10,00
SO-4500410,5004500410,C002,Wipro Technologies,South,2025-03-18,2025-03,2025,Completed,159600.0,Net 30,1000,10,00
SO-4500411,5004500411,C001,Infosys Limited,South,2024-03-26,2024-03,2024,Delivered,4414000.0,Net 30,1000,10,00
SO-4500412,5004500412,C020,Delta Software Pvt Ltd,East,2024-06-22,2024-06,2024,In Transit,999600.0,Net 15,1000,10,00
SO-4500413,5004500413,C018,BlueStar Systems,South,2025-02-09,2025-02,2025,Completed,368760.0,Net 30,1000,10,00
SO-4500414,5004500414,C016,Ratan IT Solutions,North,2024-12-27,2024-12,2024,Completed,1502870.0,Net 45,1000,10,00
SO-4500415,5004500415,C009,Hexaware Technologies,West,2025-03-20,2025-03,2025,Delivered,2492720.0,Net 30,1000,10,00
SO-4500416,5004500416,C020,Delta Software Pvt Ltd,East,2025-03-14,2025-03,2025,Completed,2289140.0,Net 15,1000,10,00
SO-4500417,5004500417,C004,HCL Systems Pvt Ltd,North,2024-09-24,2024-09,2024,Completed,168000.0,Net 30,1000,10,00
SO-4500418,5004500418,C007,L&T Infotech,West,2024-02-24,2024-02,2024,Completed,1485800.0,Net 45,1000,10,00
SO-4500419,5004500419,C016,Ratan IT Solutions,North,2024-09-26,2024-09,2024,Completed,2558060.0,Net 45,1000,10,00
SO-4500420,5004500420,C002,Wipro Technologies,South,2025-02-25,2025-02,2025,Completed,3409790.0,Net 30,1000,10,00
SO-4500421,5004500421,C019,Apex Digital Corp,North,2024-11-16,2024-11,2024,In Transit,2220061.0,Net 30,1000,10,00
SO-4500422,5004500422,C020,Delta Software Pvt Ltd,East,2024-08-14,2024-08,2024,In Transit,252130.0,Net 15,1000,10,00
SO-4500423,5004500423,C018,BlueStar Systems,South,2024-04-19,2024-04,2024,Completed,170825.0,Net 30,1000,10,00
SO-4500424,5004500424,C008,Mindtree Technologies,South,2024-04-19,2024-04,2024,Delivered,356400.0,Net 30,1000,10,00
SO-4500425,5004500425,C018,BlueStar Systems,South,2024-10-19,2024-10,2024,In Transit,2041000.0,Net 30,1000,10,00
SO-4500426,5004500426,C009,Hexaware Technologies,West,2024-07-06,2024-07,2024,In Transit,504560.0,Net 30,1000,10,00
SO-4500427,5004500427,C019,Apex Digital Corp,North,2024-04-21,2024-04,2024,Completed,1261560.0,Net 30,1000,10,00
SO-4500428,5004500428,C013,Cyient Limited,South,2024-02-10,2024-02,2024,Delivered,192740.0,Net 30,1000,10,00
SO-4500429,5004500429,C010,Zensar Technologies,West,2024-09-25,2024-09,2024,Completed,1401700.0,Net 15,1000,10,00
SO-4500430,5004500430,C010,Zensar Technologies,West,2025-02-06,2025-02,2025,Completed,230400.0,Net 15,1000,10,00
SO-4500431,5004500431,C013,Cyient Limited,South,2024-05-14,2024-05,2024,Completed,1898604.0,Net 30,1000,10,00
SO-4500432,5004500432,C009,Hexaware Technologies,West,2025-02-01,2025-02,2025,Completed,2260880.0,Net 30,1000,10,00
SO-4500433,5004500433,C015,KPIT Technologies,West,2024-11-15,2024-11,2024,Completed,79800.0,Net 30,1000,10,00
SO-4500434,5004500434,C005,Tech Mahindra,West,2025-01-22,2025-01,2025,Completed,223440.0,Net 30,1000,10,00
SO-4500435,5004500435,C020,Delta Software Pvt Ltd,East,2024-03-16,2024-03,2024,Delivered,2011320.0,Net 15,1000,10,00
SO-4500436,5004500436,C018,BlueStar Systems,South,2024-04-18,2024-04,2024,Completed,1367340.0,Net 30,1000,10,00
SO-4500437,5004500437,C009,Hexaware Technologies,West,2024-01-28,2024-01,2024,Completed,839800.0,Net 30,1000,10,00
SO-4500438,5004500438,C012,Persistent Systems,West,2025-03-18,2025-03,2025,Completed,503040.0,Net 30,1000,10,00
SO-4500439,5004500439,C003,TCS Enterprises,West,2024-04-05,2024-04,2024,Completed,1960215.0,Net 45,1000,10,00
SO-4500440,5004500440,C012,Persistent Systems,West,2024-06-30,2024-06,2024,Completed,377200.0,Net 30,1000,10,00
SO-4500441,5004500441,C018,BlueStar Systems,South,2024-05-23,2024-05,2024,Completed,1692360.0,Net 30,1000,10,00
SO-4500442,5004500442,C019,Apex Digital Corp,North,2024-03-19,2024-03,2024,Completed,236688.0,Net 30,1000,10,00
SO-4500443,5004500443,C007,L&T Infotech,West,2025-03-17,2025-03,2025,Completed,321040.0,Net 45,1000,10,00
SO-4500444,5004500444,C014,Mastech Digital,East,2024-06-04,2024-06,2024,Completed,2343700.0,Net 15,1000,10,00
SO-4500445,5004500445,C020,Delta Software Pvt Ltd,East,2024-10-17,2024-10,2024,Completed,2400220.0,Net 15,1000,10,00
SO-4500446,5004500446,C005,Tech Mahindra,West,2024-03-24,2024-03,2024,Completed,3990.0,Net 30,1000,10,00
SO-4500447,5004500447,C014,Mastech Digital,East,2024-04-23,2024-04,2024,Completed,1499600.0,Net 15,1000,10,00
SO-4500448,5004500448,C011,NIIT Technologies,North,2025-03-19,2025-03,2025,Completed,229860.0,Net 30,1000,10,00
SO-4500449,5004500449,C013,Cyient Limited,South,2024-11-09,2024-11,2024,In Transit,3801860.0,Net 30,1000,10,00
SO-4500450,5004500450,C017,Sigma Infotech,East,2025-01-26,2025-01,2025,Completed,414000.0,Net 15,1000,10,00
SO-4500451,5004500451,C013,Cyient Limited,South,2025-03-28,2025-03,2025,Completed,103020.0,Net 30,1000,10,00
SO-4500452,5004500452,C015,KPIT Technologies,West,2024-02-16,2024-02,2024,Completed,239400.0,Net 30,1000,10,00
SO-4500453,5004500453,C005,Tech Mahindra,West,2024-07-20,2024-07,2024,Completed,1373700.0,Net 30,1000,10,00
SO-4500454,5004500454,C015,KPIT Technologies,West,2024-11-20,2024-11,2024,Completed,609780.0,Net 30,1000,10,00
SO-4500455,5004500455,C010,Zensar Technologies,West,2024-06-07,2024-06,2024,Completed,1168040.0,Net 15,1000,10,00
SO-4500456,5004500456,C018,BlueStar Systems,South,2025-02-17,2025-02,2025,Completed,1362860.0,Net 30,1000,10,00
SO-4500457,5004500457,C009,Hexaware Technologies,West,2024-11-13,2024-11,2024,Completed,593000.0,Net 30,1000,10,00
SO-4500458,5004500458,C005,Tech Mahindra,West,2025-03-13,2025-03,2025,Completed,3129756.0,Net 30,1000,10,00
SO-4500459,5004500459,C015,KPIT Technologies,West,2025-01-18,2025-01,2025,Completed,646000.0,Net 30,1000,10,00
SO-4500460,5004500460,C012,Persistent Systems,West,2024-07-13,2024-07,2024,Delivered,2350420.0,Net 30,1000,10,00
SO-4500461,5004500461,C007,L&T Infotech,West,2024-11-09,2024-11,2024,Completed,3074400.0,Net 45,1000,10,00
SO-4500462,5004500462,C016,Ratan IT Solutions,North,2024-09-23,2024-09,2024,Completed,946500.0,Net 45,1000,10,00
SO-4500463,5004500463,C014,Mastech Digital,East,2024-07-30,2024-07,2024,Completed,1145525.0,Net 15,1000,10,00
SO-4500464,5004500464,C017,Sigma Infotech,East,2024-10-08,2024-10,2024,Completed,1191300.0,Net 15,1000,10,00
SO-4500465,5004500465,C013,Cyient Limited,South,2025-01-05,2025-01,2025,Completed,93100.0,Net 30,1000,10,00
SO-4500466,5004500466,C011,NIIT Technologies,North,2024-12-10,2024-12,2024,Completed,2247685.0,Net 30,1000,10,00
SO-4500467,5004500467,C019,Apex Digital Corp,North,2025-01-06,2025-01,2025,Completed,1423140.0,Net 30,1000,10,00
SO-4500468,5004500468,C013,Cyient Limited,South,2024-04-05,2024-04,2024,Completed,1680680.0,Net 30,1000,10,00
SO-4500469,5004500469,C010,Zensar Technologies,West,2024-04-20,2024-04,2024,Completed,249660.0,Net 15,1000,10,00
SO-4500470,5004500470,C017,Sigma Infotech,East,2024-01-13,2024-01,2024,Delivered,1239770.0,Net 15,1000,10,00
SO-4500471,5004500471,C004,HCL Systems Pvt Ltd,North,2024-01-03,2024-01,2024,Completed,11970.0,Net 30,1000,10,00
SO-4500472,5004500472,C015,KPIT Technologies,West,2025-03-31,2025-03,2025,Completed,1874270.0,Net 30,1000,10,00
SO-4500473,5004500473,C006,Mphasis Solutions,South,2024-05-20,2024-05,2024,Completed,1974585.0,Net 15,1000,10,00
SO-4500474,5004500474,C020,Delta Software Pvt Ltd,East,2024-06-22,2024-06,2024,Completed,25760.0,Net 15,1000,10,00
SO-4500475,5004500475,C002,Wipro Technologies,South,2024-02-24,2024-02,2024,Completed,53508.0,Net 30,1000,10,00
SO-4500476,5004500476,C020,Delta Software Pvt Ltd,East,2024-10-30,2024-10,2024,Completed,1097480.0,Net 15,1000,10,00
SO-4500477,5004500477,C004,HCL Systems Pvt Ltd,North,2024-08-21,2024-08,2024,Completed,1435190.0,Net 30,1000,10,00
SO-4500478,5004500478,C016,Ratan IT Solutions,North,2024-01-16,2024-01,2024,Completed,139840.0,Net 45,1000,10,00
SO-4500479,5004500479,C006,Mphasis Solutions,South,2024-05-24,2024-05,2024,Delivered,2844740.0,Net 15,1000,10,00
SO-4500480,5004500480,C008,Mindtree Technologies,South,2024-11-13,2024-11,2024,Completed,261600.0,Net 30,1000,10,00
SO-4500481,5004500481,C014,Mastech Digital,East,2025-02-05,2025-02,2025,Cancelled,771340.0,Net 15,1000,10,00
SO-4500482,5004500482,C006,Mphasis Solutions,South,2024-06-06,2024-06,2024,Cancelled,15120.0,Net 15,1000,10,00
SO-4500483,5004500483,C013,Cyient Limited,South,2024-06-16,2024-06,2024,Completed,466480.0,Net 30,1000,10,00
SO-4500484,5004500484,C019,Apex Digital Corp,North,2025-01-21,2025-01,2025,Completed,128800.0,Net 30,1000,10,00
SO-4500485,5004500485,C018,BlueStar Systems,South,2024-05-29,2024-05,2024,Completed,1597625.0,Net 30,1000,10,00
SO-4500486,5004500486,C005,Tech Mahindra,West,2025-03-12,2025-03,2025,Completed,538910.0,Net 30,1000,10,00
SO-4500487,5004500487,C014,Mastech Digital,East,2024-12-25,2024-12,2024,Completed,341852.0,Net 15,1000,10,00
SO-4500488,5004500488,C007,L&T Infotech,West,2024-10-11,2024-10,2024,Completed,102480.0,Net 45,1000,10,00
SO-4500489,5004500489,C016,Ratan IT Solutions,North,2024-12-02,2024-12,2024,Completed,1391040.0,Net 45,1000,10,00
SO-4500490,5004500490,C020,Delta Software Pvt Ltd,East,2024-04-02,2024-04,2024,Completed,313700.0,Net 15,1000,10,00
SO-4500491,5004500491,C017,Sigma Infotech,East,2024-05-17,2024-05,2024,Completed,1321235.0,Net 15,1000,10,00
SO-4500492,5004500492,C003,TCS Enterprises,West,2024-09-24,2024-09,2024,In Transit,192000.0,Net 45,1000,10,00
SO-4500493,5004500493,C018,BlueStar Systems,South,2025-02-12,2025-02,2025,Completed,2671920.0,Net 30,1000,10,00
SO-4500494,5004500494,C002,Wipro Technologies,South,2024-12-21,2024-12,2024,In Transit,359500.0,Net 30,1000,10,00
SO-4500495,5004500495,C020,Delta Software Pvt Ltd,East,2024-01-14,2024-01,2024,Completed,476000.0,Net 15,1000,10,00
SO-4500496,5004500496,C009,Hexaware Technologies,West,2024-05-09,2024-05,2024,Completed,433080.0,Net 30,1000,10,00
SO-4500497,5004500497,C012,Persistent Systems,West,2025-02-17,2025-02,2025,Completed,1038000.0,Net 30,1000,10,00
SO-4500498,5004500498,C005,Tech Mahindra,West,2024-10-31,2024-10,2024,In Transit,724220.0,Net 30,1000,10,00
SO-4500499,5004500499,C007,L&T Infotech,West,2024-10-22,2024-10,2024,Completed,2203000.0,Net 45,1000,10,00
SO-4500500,5004500500,C016,Ratan IT Solutions,North,2025-01-17,2025-01,2025,In Transit,1372800.0,Net 45,1000,10,00
SO-4500501,5004500501,C004,HCL Systems Pvt Ltd,North,2024-09-29,2024-09,2024,Completed,345300.0,Net 30,1000,10,00
SO-4500502,5004500502,C007,L&T Infotech,West,2024-09-23,2024-09,2024,Completed,33000.0,Net 45,1000,10,00
SO-4500503,5004500503,C014,Mastech Digital,East,2024-02-20,2024-02,2024,Completed,673500.0,Net 15,1000,10,00
SO-4500504,5004500504,C020,Delta Software Pvt Ltd,East,2024-11-22,2024-11,2024,Completed,1332800.0,Net 15,1000,10,00
SO-4500505,5004500505,C013,Cyient Limited,South,2024-12-02,2024-12,2024,Delivered,2241150.0,Net 30,1000,10,00
SO-4500506,5004500506,C002,Wipro Technologies,South,2024-07-14,2024-07,2024,Completed,194040.0,Net 30,1000,10,00
SO-4500507,5004500507,C015,KPIT Technologies,West,2024-02-05,2024-02,2024,Completed,93744.0,Net 30,1000,10,00
SO-4500508,5004500508,C018,BlueStar Systems,South,2025-01-28,2025-01,2025,Completed,940181.0,Net 30,1000,10,00
SO-4500509,5004500509,C013,Cyient Limited,South,2024-05-16,2024-05,2024,Completed,1298480.0,Net 30,1000,10,00
SO-4500510,5004500510,C018,BlueStar Systems,South,2024-04-25,2024-04,2024,Completed,1449475.0,Net 30,1000,10,00
SO-4500511,5004500511,C003,TCS Enterprises,West,2025-03-06,2025-03,2025,Completed,286400.0,Net 45,1000,10,00
SO-4500512,5004500512,C012,Persistent Systems,West,2024-09-06,2024-09,2024,Completed,1423400.0,Net 30,1000,10,00
SO-4500513,5004500513,C016,Ratan IT Solutions,North,2024-09-30,2024-09,2024,Cancelled,2018500.0,Net 45,1000,10,00
SO-4500514,5004500514,C005,Tech Mahindra,West,2025-01-14,2025-01,2025,Completed,391000.0,Net 30,1000,10,00
SO-4500515,5004500515,C001,Infosys Limited,South,2024-08-29,2024-08,2024,In Transit,2178460.0,Net 30,1000,10,00
SO-4500516,5004500516,C016,Ratan IT Solutions,North,2024-10-31,2024-10,2024,Delivered,1460150.0,Net 45,1000,10,00
SO-4500517,5004500517,C004,HCL Systems Pvt Ltd,North,2024-12-16,2024-12,2024,Completed,270000.0,Net 30,1000,10,00
SO-4500518,5004500518,C003,TCS Enterprises,West,2024-03-02,2024-03,2024,Completed,506080.0,Net 45,1000,10,00
SO-4500519,5004500519,C006,Mphasis Solutions,South,2024-01-09,2024-01,2024,In Transit,70560.0,Net 15,1000,10,00
